date,jackpot_eur,delta_from_prev_eur,jackpot_won,jackpot_winners,numbers
2017-01-01,2022895,,True,1,4 15 24 27 39 41 33
2017-01-04,770961,-1251934,False,,8 9 34 39 41 45 26
2017-01-08,1818008,1047047,True,1,4 27 29 30 39 42 15
2017-01-11,750465,-1067543,False,,4 10 13 20 26 30 18
2017-01-15,1911533,1161068,False,,21 26 30 32 35 42 9
2017-01-18,3097591,1186058,False,,1 8 13 24 33 37 3
2017-01-22,4612223,1514632,False,,12 25 28 39 41 43 44
2017-01-25,3185928,-1426295,True,2,3 7 34 35 36 39 30
2017-01-29,1000000,-2185928,True,1,8 11 15 22 24 25 3
2017-02-01,754968,-245032,False,,14 20 24 26 31 36 35
2017-02-05,1922613,1167645,True,1,6 7 30 32 41 44 19
2017-02-08,500000,-1422613,True,2,3 9 12 16 19 27 26
2017-02-12,1000000,500000,True,1,9 10 25 36 38 40 4
2017-02-15,1000000,0,True,1,8 11 33 35 38 42 16
2017-02-19,863525,-136475,False,,12 23 24 31 34 43 29
2017-02-22,1821643,958118,False,,12 17 19 30 39 44 42
2017-02-26,3062633,1240990,False,,1 15 16 19 22 42 18
2017-03-01,4485804,1423171,True,1,1 2 10 17 24 41 45
2017-03-05,1000000,-3485804,True,1,9 20 22 27 40 45 4
2017-03-08,740998,-259002,False,,9 13 19 21 27 29 7
2017-03-12,1857718,1116720,False,,8 12 18 24 25 44 19
2017-03-15,3034710,1176992,False,,1 14 18 27 30 40 12
2017-03-19,2274690,-760020,True,2,5 11 16 19 27 33 39
2017-03-22,746590,-1528100,False,,14 23 32 38 44 45 33
2017-03-26,1838941,1092351,False,,3 24 28 37 40 42 27
2017-03-29,2970846,1131905,True,1,5 28 32 33 34 43 36
2017-04-02,1000000,-1970846,True,1,2 3 19 31 34 39 16
2017-04-05,724911,-275089,False,,4 8 22 25 26 31 13
2017-04-09,1807674,1082763,False,,3 13 19 29 40 43 4
2017-04-12,2938442,1130768,True,1,2 6 13 30 35 44 1
2017-04-16,1000000,-1938442,True,1,3 7 20 31 39 43 19
2017-04-19,1000000,0,True,1,10 18 25 30 33 41 45
2017-04-23,823699,-176301,False,,1 4 10 21 32 44 12
2017-04-26,1745716,922017,False,,5 6 11 19 27 44 17
2017-04-30,3004992,1259276,False,,20 28 30 32 40 41 19
2017-05-03,4271130,1266138,False,,3 8 27 32 42 43 15
2017-05-07,2034734,-2236396,True,3,12 16 32 37 42 45 29
2017-05-10,1000000,-1034734,True,1,1 5 16 29 35 39 45
2017-05-14,855261,-144739,False,,5 8 9 32 33 35 2
2017-05-17,1782264,927003,False,,6 17 20 24 25 34 16
2017-05-21,3004829,1222565,True,1,12 25 26 27 29 35 19
2017-05-24,1000000,-2004829,True,1,8 13 28 29 31 40 25
2017-05-28,779386,-220614,False,,16 20 23 33 37 44 26
2017-05-31,1691292,911906,False,,3 10 11 13 28 43 5
2017-06-04,2929168,1237876,False,,6 14 30 37 42 43 13
2017-06-07,4175210,1246042,True,1,1 6 10 12 33 34 19
2017-06-11,843894,-3331316,False,,2 6 21 27 34 45 16
2017-06-14,905200,61306,True,2,7 12 17 27 37 45 25
2017-06-18,793607,-111593,False,,1 6 18 22 31 33 41
2017-06-21,1714970,921363,False,,9 10 12 14 44 45 6
2017-06-25,2872635,1157665,False,,4 17 18 24 36 41 38
2017-06-28,4159887,1287252,True,1,5 13 16 31 34 39 6
2017-07-02,1000000,-3159887,True,1,1 7 16 18 21 22 2
2017-07-05,712545,-287455,False,,11 19 27 35 37 38 10
2017-07-09,1752825,1040280,False,,7 8 21 30 33 44 37
2017-07-12,2820022,1067197,False,,2 10 17 21 25 45 29
2017-07-16,1422810,-1397212,True,3,12 14 18 23 28 37 39
2017-07-19,1000000,-422810,True,1,4 6 16 34 36 43 32
2017-07-23,812553,-187447,False,,17 23 24 30 32 34 21
2017-07-26,1725108,912555,False,,1 17 23 24 30 44 11
2017-07-30,2904326,1179218,False,,8 12 19 24 35 44 22
2017-08-02,4218113,1313787,True,1,7 8 29 34 37 41 24
2017-08-06,826548,-3391565,False,,4 15 16 19 27 39 43
2017-08-09,1770277,943729,False,,3 10 25 36 39 42 31
2017-08-13,2969016,1198739,True,1,5 7 18 29 32 38 43
2017-08-16,677463,-2291553,False,,21 22 23 26 28 34 8
2017-08-20,1718397,1040934,True,1,7 13 17 18 32 37 20
2017-08-23,1000000,-718397,True,1,19 23 24 38 39 41 37
2017-08-27,333333,-666667,True,3,3 4 5 7 20 33 41
2017-08-30,699747,366414,False,,1 14 22 27 32 37 41
2017-09-03,1755105,1055358,True,1,3 11 13 15 39 40 37
2017-09-06,1000000,-755105,True,1,4 7 11 18 23 36 35
2017-09-10,816511,-183489,False,,14 17 26 34 40 44 3
2017-09-13,574537,-241974,True,3,5 14 23 27 31 45 29
2017-09-17,1000000,425463,True,1,2 11 15 29 32 44 3
2017-09-20,681111,-318889,False,,2 7 11 18 20 24 42
2017-09-24,1672923,991812,False,,1 12 31 32 38 43 27
2017-09-27,2701040,1028117,True,1,9 26 32 35 37 43 18
2017-10-01,831545,-1869495,False,,4 6 16 18 24 38 1
2017-10-04,1827744,996199,False,,14 26 32 33 36 37 40
2017-10-08,3057935,1230191,False,,10 13 26 34 37 45 6
2017-10-11,4368975,1311040,False,,5 13 26 29 33 41 40
2017-10-15,6122295,1753320,False,,6 7 9 14 28 44 2
2017-10-18,8363617,2241322,True,1,14 16 19 22 39 41 10
2017-10-22,1000000,-7363617,True,1,7 30 31 36 38 39 12
2017-10-25,736891,-263109,False,,8 18 21 32 35 36 9
2017-10-29,1680225,943334,True,1,4 9 24 26 29 33 41
2017-11-01,692084,-988141,False,,1 3 4 27 33 35 10
2017-11-05,1761961,1069877,False,,5 8 16 19 22 40 36
2017-11-08,2843645,1081684,True,1,15 18 20 29 30 41 25
2017-11-12,843518,-2000127,False,,2 17 34 40 43 44 1
2017-11-15,594988,-248530,True,3,2 5 7 19 27 40 6
2017-11-19,833446,238458,False,,2 14 19 23 40 41 31
2017-11-22,1757806,924360,False,,1 3 6 12 16 42 40
2017-11-26,2908974,1151168,False,,1 4 6 23 30 45 32
2017-11-29,4174727,1265753,True,1,5 11 15 20 21 26 25
2017-12-03,838999,-3335728,False,,3 15 23 30 33 37 42
2017-12-06,1790119,951120,False,,15 26 31 39 43 44 2
2017-12-10,2881657,1091538,False,,7 11 21 22 25 37 3
2017-12-13,4191061,1309404,False,,2 5 10 25 28 42 36
2017-12-17,5836617,1645556,False,,11 27 28 31 36 37 33
2017-12-20,8050489,2213872,False,,13 33 34 35 36 39 23
2017-12-24,6118478,-1932011,True,2,7 8 14 33 38 40 2
2017-12-27,710195,-5408283,False,,3 5 26 31 35 41 22
2017-12-31,2113645,1403450,True,1,10 22 33 37 43 45 31
2018-01-03,742274,-1371371,False,,8 22 25 26 32 45 6
2018-01-07,1790819,1048545,False,,26 31 32 37 39 41 25
2018-01-10,976535,-814284,True,3,3 7 25 27 31 41 21
2018-01-14,1000000,23465,True,1,1 3 30 33 37 43 10
2018-01-17,743122,-256878,False,,9 14 15 17 31 42 3
2018-01-21,1781497,1038375,False,,11 12 14 24 31 44 22
2018-01-24,2831804,1050307,True,1,2 4 8 14 35 43 12
2018-01-28,818009,-2013795,False,,13 22 30 34 35 45 27
2018-01-31,887519,69510,True,2,3 15 23 26 38 40 35
2018-02-04,1000000,112481,True,1,2 17 19 22 34 38 6
2018-02-07,702179,-297821,False,,6 13 22 25 36 41 3
2018-02-11,1711967,1009788,True,1,3 12 30 34 37 40 45
2018-02-14,684258,-1027709,False,,9 10 12 28 32 40 39
2018-02-18,1681427,997169,True,1,1 12 14 30 35 40 29
2018-02-21,672696,-1008731,False,,1 16 23 29 33 37 42
2018-02-25,1645198,972502,False,,1 10 11 20 32 39 23
2018-02-28,2639487,994289,False,,3 21 22 32 36 40 2
2018-03-04,3972885,1333398,True,1,7 12 28 32 34 39 33
2018-03-07,702887,-3269998,False,,1 18 26 27 32 42 16
2018-03-11,1726220,1023333,False,,3 6 10 20 28 33 32
2018-03-14,2745774,1019554,False,,7 10 12 35 37 38 28
2018-03-18,4105602,1359828,False,,10 13 14 24 26 33 36
2018-03-21,2812630,-1292972,True,2,10 23 25 32 34 44 16
2018-03-25,1000000,-1812630,True,1,8 9 18 28 40 44 36
2018-03-28,668063,-331937,False,,3 4 28 30 31 39 1
2018-04-01,1716066,1048003,False,,13 23 25 29 36 38 24
2018-04-04,2644901,928835,False,,11 14 26 29 35 43 10
2018-04-08,3938155,1293254,False,,1 5 19 23 26 30 37
2018-04-11,2697294,-1240861,True,2,1 4 5 6 7 25 39
2018-04-15,804984,-1892310,False,,3 10 13 20 24 45 21
2018-04-18,1677849,872865,True,1,12 14 17 39 40 45 19
2018-04-22,1000000,-677849,True,1,7 8 24 26 41 45 19
2018-04-25,632753,-367247,False,,3 8 36 40 43 44 23
2018-04-29,1547435,914682,False,,2 18 29 30 32 43 28
2018-05-02,2480992,933557,True,1,9 19 26 28 31 42 22
2018-05-06,771072,-1709920,False,,2 19 23 37 42 44 38
2018-05-09,1648077,877005,True,1,9 15 17 21 33 36 29
2018-05-13,1000000,-648077,True,1,3 4 5 16 17 20 19
2018-05-16,664349,-335651,False,,8 17 24 28 29 40 25
2018-05-20,1598011,933662,False,,1 9 23 28 41 43 39
2018-05-23,2473400,875389,False,,9 13 15 16 24 33 18
2018-05-27,3686827,1213427,False,,10 11 23 27 29 37 36
2018-05-30,2559318,-1127509,True,2,1 4 19 22 30 33 20
2018-06-03,748379,-1810939,False,,12 16 20 25 32 36 3
2018-06-06,1604010,855631,True,1,12 15 28 29 32 43 42
2018-06-10,776017,-827993,False,,20 21 28 29 35 37 39
2018-06-13,1618145,842128,False,,12 16 23 30 38 43 14
2018-06-17,2694434,1076289,True,1,4 9 10 12 13 32 27
2018-06-20,1000000,-1694434,True,1,3 6 16 27 32 39 29
2018-06-24,745601,-254399,False,,20 23 28 38 43 45 41
2018-06-27,1561455,815854,False,,8 15 26 28 37 44 43
2018-07-01,1324911,-236544,True,2,5 6 8 10 17 30 29
2018-07-04,1000000,-324911,True,1,6 8 29 30 34 36 26
2018-07-08,770801,-229199,False,,8 9 18 39 41 45 13
2018-07-11,1611267,840466,False,,27 29 36 41 44 45 32
2018-07-15,2687466,1076199,True,1,15 29 37 42 43 45 40
2018-07-18,1000000,-1687466,True,1,7 10 22 24 27 43 40
2018-07-22,500000,-500000,True,2,2 6 13 21 28 37 42
2018-07-25,611501,111501,False,,10 18 26 31 32 37 19
2018-07-29,1490151,878650,False,,2 3 6 29 33 40 21
2018-08-01,2416134,925983,False,,14 16 28 29 36 42 27
2018-08-05,724552,-1691582,True,5,10 17 23 24 34 42 39
2018-08-08,1000000,275448,True,1,1 12 25 35 37 45 28
2018-08-12,723807,-276193,False,,12 26 36 38 41 45 5
2018-08-15,1463395,739588,False,,9 19 30 34 35 42 43
2018-08-19,2491463,1028068,True,1,2 11 14 22 23 44 36
2018-08-22,615304,-1876159,False,,20 21 22 24 30 43 36
2018-08-26,1511801,896497,False,,1 18 22 23 30 32 34
2018-08-29,2434453,922652,False,,14 16 24 30 31 45 18
2018-09-02,3705922,1271469,False,,2 15 16 31 37 45 21
2018-09-05,5148933,1443011,False,,5 8 15 26 40 42 29
2018-09-09,7174599,2025666,False,,4 8 12 18 24 39 29
2018-09-12,5132100,-2042499,True,2,8 12 20 23 37 42 19
2018-09-16,797264,-4334836,False,,8 10 14 23 43 44 32
2018-09-19,1670352,873088,True,1,1 10 24 25 39 45 27
2018-09-23,770556,-899796,False,,9 13 14 29 39 44 16
2018-09-26,1605171,834615,False,,1 4 5 11 15 33 40
2018-09-30,2684673,1079502,False,,2 6 9 17 35 38 42
2018-10-03,1944705,-739968,True,2,3 10 23 27 28 41 24
2018-10-07,777847,-1166858,False,,22 24 27 34 35 44 30
2018-10-10,1656789,878942,False,,16 23 37 40 44 45 15
2018-10-14,2738589,1081800,False,,6 7 18 27 33 38 5
2018-10-17,3905735,1167146,True,1,1 9 20 24 29 31 18
2018-10-21,757347,-3148388,False,,10 14 16 22 35 44 38
2018-10-24,1590988,833641,True,1,1 7 10 12 21 24 23
2018-10-28,703355,-887633,False,,12 19 22 26 35 37 15
2018-10-31,1593450,890095,False,,6 7 13 24 27 38 37
2018-11-04,2621800,1028350,False,,9 10 15 26 31 38 29
2018-11-07,3827080,1205280,False,,3 14 26 27 41 42 12
2018-11-11,5412489,1585409,False,,13 14 22 33 34 43 30
2018-11-14,7370039,1957550,False,,12 21 23 34 38 44 24
2018-11-18,10248073,2878034,False,,2 4 9 14 41 44 18
2018-11-21,14926157,4678084,True,1,20 25 29 32 37 44 43
2018-11-25,819727,-14106430,False,,9 10 29 31 38 43 12
2018-11-28,1746446,926719,False,,9 10 17 18 28 40 35
2018-12-02,2947099,1200653,False,,6 15 17 18 40 43 10
2018-12-05,4302736,1355637,False,,15 16 17 20 21 25 23
2018-12-09,5855408,1552672,True,1,15 16 35 38 41 42 19
2018-12-12,751657,-5103751,False,,8 9 14 26 27 34 16
2018-12-16,1798416,1046759,True,1,8 12 21 24 36 44 31
2018-12-19,500000,-1298416,True,2,3 11 20 29 39 44 38
2018-12-23,878230,378230,False,,19 27 28 34 35 44 18
2018-12-26,1573634,695404,True,1,13 16 22 26 29 36 43
2018-12-30,852793,-720841,False,,4 7 8 12 14 44 10
2019-01-02,1700309,847516,False,,2 10 12 13 26 28 35
2019-01-06,2772854,1072545,True,1,3 23 24 34 36 39 18
2019-01-09,678363,-2094491,False,,1 8 21 31 33 39 38
2019-01-13,1633755,955392,True,1,8 11 15 16 20 30 42
2019-01-16,680060,-953695,False,,3 17 18 32 38 43 39
2019-01-20,1638353,958293,True,1,1 7 19 22 36 42 17
2019-01-23,664479,-973874,False,,1 12 28 36 40 41 8
2019-01-27,1618389,953910,False,,4 13 15 29 33 39 2
2019-01-30,1294289,-324100,True,2,19 20 21 28 30 45 16
2019-02-03,792331,-501958,False,,2 25 27 39 40 42 34
2019-02-06,552103,-240228,True,3,13 15 19 26 30 44 8
2019-02-10,765519,213416,False,,2 4 9 12 13 16 15
2019-02-13,1602935,837416,False,,3 7 8 16 23 25 21
2019-02-17,2668252,1065317,True,1,5 7 26 33 37 44 40
2019-02-20,644481,-2023771,False,,9 12 21 26 29 37 34
2019-02-24,1548226,903745,False,,4 6 25 29 30 35 18
2019-02-27,2470964,922738,False,,2 6 13 37 39 43 24
2019-03-03,3724748,1253784,False,,16 21 25 33 35 42 17
2019-03-06,2576750,-1147998,True,2,1 7 12 33 37 42 43
2019-03-10,1000000,-1576750,True,1,2 7 8 12 14 29 19
2019-03-13,665139,-334861,False,,4 25 30 33 34 43 12
2019-03-17,1615454,950315,False,,12 15 19 22 37 39 27
2019-03-20,2597440,981986,False,,8 11 12 17 23 24 20
2019-03-24,1911857,-685583,True,2,8 12 22 28 38 44 25
2019-03-27,500000,-1411857,True,2,7 20 27 32 43 44 30
2019-03-31,756371,256371,False,,4 11 20 22 23 40 35
2019-04-03,1570747,814376,False,,2 6 10 14 34 38 28
2019-04-07,2616700,1045953,False,,7 9 22 28 31 38 15
2019-04-10,3744927,1128227,True,1,3 14 26 27 28 30 20
2019-04-14,745054,-2999873,False,,8 19 24 29 44 45 12
2019-04-17,1546328,801274,False,,4 16 17 18 37 42 10
2019-04-21,2579792,1033464,True,1,2 5 25 28 35 37 39
2019-04-24,577949,-2001843,False,,5 13 20 26 31 40 43
2019-04-28,1458912,880963,False,,7 8 9 14 25 33 6
2019-05-01,2317853,858941,True,1,4 7 24 28 36 40 21
2019-05-05,759795,-1558058,False,,3 4 10 24 33 34 23
2019-05-08,1573250,813455,True,1,23 28 32 35 39 40 30
2019-05-12,500000,-1073250,True,2,7 12 20 33 38 41 23
2019-05-15,1000000,500000,True,1,4 5 12 24 26 27 45
2019-05-19,706767,-293233,False,,5 7 23 27 31 34 38
2019-05-22,736775,30008,True,2,19 26 28 35 38 43 18
2019-05-26,1000000,263225,True,1,3 5 9 11 28 31 44
2019-05-29,627008,-372992,False,,1 3 7 20 22 34 13
2019-06-02,1434898,807890,False,,12 13 29 30 36 42 8
2019-06-05,2306525,871627,False,,4 18 20 32 34 44 45
2019-06-09,3466008,1159483,True,1,3 16 17 24 26 41 42
2019-06-12,1000000,-2466008,True,1,3 8 11 15 18 43 33
2019-06-16,1000000,0,True,1,3 15 25 35 37 45 34
2019-06-19,622072,-377928,False,,3 9 18 35 38 41 11
2019-06-23,1422367,800295,True,1,6 9 10 24 40 44 21
2019-06-26,333333,-1089034,True,3,6 13 17 28 32 42 29
2019-06-30,680703,347370,False,,5 9 15 16 22 32 3
2019-07-03,1451624,770921,False,,6 16 29 31 41 44 1
2019-07-07,2432878,981254,False,,8 19 32 33 41 42 20
2019-07-10,3523017,1090139,True,1,5 28 30 35 36 45 25
2019-07-14,711701,-2811316,False,,4 12 16 22 24 33 31
2019-07-17,1499377,787676,False,,4 5 18 28 31 32 33
2019-07-21,1258116,-241261,True,2,7 13 17 20 42 45 5
2019-07-24,610419,-647697,False,,4 6 7 29 30 37 16
2019-07-28,491217,-119202,True,3,3 7 9 13 26 39 8
2019-07-31,596082,104865,False,,13 22 33 37 39 41 11
2019-08-04,1466077,869995,False,,12 13 16 17 22 41 40
2019-08-07,2361025,894948,False,,3 4 9 19 20 25 37
2019-08-11,1761322,-599703,True,2,5 14 21 28 32 42 35
2019-08-14,1000000,-761322,True,1,1 6 7 20 28 35 33
2019-08-18,672686,-327314,False,,1 7 8 19 24 39 9
2019-08-21,1451561,778875,False,,5 6 24 26 35 36 2
2019-08-25,2446262,994701,False,,2 24 31 32 40 41 25
2019-08-28,3529427,1083165,False,,4 10 20 25 29 35 32
2019-09-01,4991197,1461770,True,1,2 16 27 35 39 45 5
2019-09-04,659873,-4331324,False,,2 6 11 27 32 42 12
2019-09-08,1563134,903261,False,,18 23 27 28 39 45 20
2019-09-11,2486258,923124,False,,5 7 13 15 23 30 31
2019-09-15,3707731,1221473,False,,1 6 15 27 29 40 41
2019-09-18,5148766,1441035,False,,12 14 21 25 32 33 36
2019-09-22,2345548,-2803218,True,3,3 14 23 25 32 41 26
2019-09-25,1000000,-1345548,True,1,5 14 21 26 29 38 13
2019-09-29,735612,-264388,False,,3 4 18 19 28 32 6
2019-10-02,1527972,792360,True,1,11 15 16 17 22 24 27
2019-10-06,742030,-785942,False,,10 29 31 32 44 45 33
2019-10-09,1536261,794231,True,1,3 6 16 28 33 42 39
2019-10-13,712311,-823950,False,,9 14 17 23 26 32 33
2019-10-16,1484453,772142,True,1,3 4 25 36 40 45 18
2019-10-20,711840,-772613,False,,1 2 3 18 26 34 17
2019-10-23,1467809,755969,False,,6 8 13 32 39 45 28
2019-10-27,2365785,897976,True,1,9 26 28 32 35 43 25
2019-10-30,614527,-1751258,False,,4 11 12 15 20 42 14
2019-11-03,1455614,841087,False,,15 16 22 24 27 33 17
2019-11-06,2377384,921770,False,,6 16 17 34 38 40 28
2019-11-10,3552412,1175028,False,,2 9 10 19 29 40 3
2019-11-13,4823263,1270851,False,,4 27 33 34 41 45 42
2019-11-17,6552614,1729351,True,1,2 15 23 28 33 34 19
2019-11-20,639464,-5913150,False,,7 11 13 15 22 27 2
2019-11-24,1527069,887605,True,1,3 9 15 18 26 29 28
2019-11-27,1000000,-527069,True,1,2 7 17 23 39 43 18
2019-12-01,751970,-248030,False,,4 9 20 22 32 37 39
2019-12-04,1558099,806129,False,,2 7 9 32 36 43 31
2019-12-08,2591333,1033234,False,,8 27 30 40 42 43 9
2019-12-11,3697632,1106299,True,1,2 8 18 26 35 43 40
2019-12-15,1000000,-2697632,True,1,8 11 16 33 38 45 42
2019-12-18,669361,-330639,False,,1 8 11 17 32 34 45
2019-12-22,1653727,984366,False,,7 8 9 22 25 37 23
2019-12-25,2623677,969950,False,,6 27 32 33 38 40 21
2019-12-29,3754385,1130708,False,,3 20 22 27 31 33 38
2020-01-01,5100702,1346317,True,1,5 8 19 23 36 39 3
2020-01-05,784450,-4316252,False,,3 5 12 27 36 44 15
2020-01-08,1562962,778512,False,,18 21 24 38 41 42 4
2020-01-12,2605418,1042456,False,,6 13 25 31 38 44 32
2020-01-15,3743596,1138178,True,1,9 11 16 26 31 41 34
2020-01-19,739149,-3004447,False,,5 12 36 38 39 45 22
2020-01-22,1567177,828028,False,,1 15 28 42 43 44 12
2020-01-26,2586615,1019438,False,,5 23 26 27 37 40 4
2020-01-29,1852209,-734406,True,2,3 11 23 29 39 44 28
2020-02-02,1000000,-852209,True,1,6 7 9 20 28 30 40
2020-02-05,624985,-375015,False,,8 17 33 36 38 44 23
2020-02-09,1526804,901819,False,,5 22 23 27 37 45 25
2020-02-12,2444200,917396,False,,3 4 7 17 39 44 33
2020-02-16,3656154,1211954,False,,4 5 20 22 31 39 38
2020-02-19,5015647,1359493,False,,1 2 3 16 24 44 12
2020-02-23,6821231,1805584,False,,6 8 18 33 42 45 29
2020-02-26,3067178,-3754053,True,3,3 6 11 16 25 43 1
2020-03-01,1000000,-2067178,True,1,11 14 20 37 38 41 13
2020-03-04,1000000,0,True,1,4 10 12 31 34 44 32
2020-03-08,500000,-500000,True,2,3 10 13 18 26 36 9
2020-03-11,653046,153046,False,,15 29 31 42 44 45 10
2020-03-13,1464858,811812,False,,2 14 26 30 38 39 18
2020-03-15,2157961,693103,False,,4 16 17 20 25 43 19
2020-03-18,2931988,774027,True,1,5 9 20 21 26 42 27
2020-03-22,595369,-2336619,False,,4 9 12 17 32 43 38
2020-03-25,1242615,647246,False,,5 26 30 31 32 33 6
2020-03-29,2064553,821938,True,1,3 4 6 30 36 39 5
2020-04-01,549182,-1515371,False,,1 11 15 22 26 36 25
2020-04-05,1324207,775025,False,,12 23 28 33 40 41 11
2020-04-08,2114184,789977,False,,1 4 6 15 18 32 9
2020-04-12,3175585,1061401,False,,13 20 26 41 43 45 17
2020-04-15,4229588,1054003,False,,2 5 11 41 43 44 38
2020-04-19,5745440,1515852,False,,2 10 12 33 35 39 38
2020-04-22,7749269,2003829,True,1,3 11 12 23 28 38 2
2020-04-26,716603,-7032666,False,,8 16 23 25 26 28 11
2020-04-29,1517829,801226,False,,11 15 16 18 29 34 13
2020-05-03,1260846,-256983,True,2,10 14 21 32 34 45 11
2020-05-06,656525,-604321,False,,4 8 26 27 28 44 12
2020-05-10,1585772,929247,True,1,7 13 27 31 32 44 10
2020-05-13,641993,-943779,False,,4 18 19 21 25 36 2
2020-05-17,1563365,921372,True,1,3 7 11 18 22 34 35
2020-05-20,1000000,-563365,True,1,4 13 14 24 27 31 22
2020-05-24,692452,-307548,False,,12 16 18 25 28 34 45
2020-05-27,1474774,782322,False,,12 20 28 37 40 42 1
2020-05-31,2524333,1049559,True,1,21 25 26 28 34 40 17
2020-06-03,500000,-2024333,True,2,4 9 10 13 18 31 36
2020-06-07,1000000,500000,True,1,1 12 20 36 41 42 22
2020-06-10,1000000,0,True,1,8 11 18 24 27 37 45
2020-06-14,695661,-304339,False,,9 12 17 20 28 45 5
2020-06-17,1499154,803493,True,1,3 11 12 16 28 39 43
2020-06-19,625001,-874153,False,,1 7 13 39 44 45 9
2020-06-21,1272298,647297,False,,4 15 30 35 38 45 42
2020-06-24,2134106,861808,False,,10 17 18 25 29 36 37
2020-06-28,1641680,-492426,True,2,10 16 28 31 36 37 33
2020-07-01,630374,-1011306,False,,1 3 15 22 27 32 23
2020-07-05,1529890,899516,True,1,1 3 5 6 35 42 9
2020-07-08,623688,-906202,False,,4 16 26 31 34 40 42
2020-07-12,1501733,878045,False,,8 17 18 33 42 45 32
2020-07-15,2431972,930239,False,,11 15 18 21 32 44 31
2020-07-19,3661597,1229625,False,,4 11 16 32 41 45 21
2020-07-22,5014263,1352666,True,1,3 6 9 22 24 38 20
2020-07-26,739483,-4274780,False,,1 3 7 26 27 35 21
2020-07-29,1519795,780312,True,1,23 24 31 35 36 42 14
2020-08-02,724383,-795412,False,,16 17 18 23 26 44 34
2020-08-05,1543694,819311,False,,3 30 32 34 37 39 18
2020-08-09,2551483,1007789,False,,3 4 17 23 25 32 36
2020-08-12,3651416,1099933,False,,1 16 18 23 27 45 15
2020-08-16,2500168,-1151248,True,2,5 26 31 32 37 41 23
2020-08-19,652750,-1847418,False,,5 9 15 33 34 42 38
2020-08-23,1539386,886636,True,1,3 12 19 26 32 40 24
2020-08-26,614156,-925230,False,,3 4 8 14 31 38 13
2020-08-30,1507513,893357,True,1,17 22 27 35 36 39 21
2020-09-02,650112,-857401,False,,11 21 34 37 40 43 19
2020-09-06,1555863,905751,False,,4 11 15 34 36 39 44
2020-09-09,2473805,917942,False,,7 11 18 22 26 34 27
2020-09-13,3660980,1187175,False,,20 22 30 34 40 43 39
2020-09-16,4966216,1305236,False,,3 8 18 23 32 41 21
2020-09-20,6700911,1734695,True,1,5 6 14 19 26 30 11
2020-09-23,500000,-6200911,True,2,4 8 11 21 39 45 14
2020-09-27,731813,231813,False,,3 6 8 11 32 39 27
2020-09-30,1533324,801511,False,,2 7 11 22 28 39 40
2020-10-04,2573740,1040416,True,1,10 14 16 27 30 40 38
2020-10-07,1000000,-1573740,True,1,3 7 9 13 17 26 18
2020-10-11,1000000,0,True,1,5 16 18 24 34 42 20
2020-10-14,620082,-379918,False,,4 7 9 10 19 42 8
2020-10-18,765055,144973,True,2,10 15 22 35 43 45 2
2020-10-21,1000000,234945,True,1,3 11 19 25 28 38 34
2020-10-25,726546,-273454,False,,1 3 5 10 39 40 19
2020-10-28,1446969,720423,True,1,4 8 10 15 18 35 42
2020-11-01,1000000,-446969,True,1,1 4 5 8 28 29 39
2020-11-04,618587,-381413,False,,6 17 26 28 36 45 11
2020-11-08,1510489,891902,False,,18 28 31 35 44 45 26
2020-11-11,2453597,943108,False,,7 16 20 31 38 41 1
2020-11-13,3501068,1047471,False,,1 4 5 24 42 45 26
2020-11-15,4528208,1027140,False,,12 16 29 34 35 45 22
2020-11-18,3047867,-1480341,True,2,7 16 25 30 33 39 26
2020-11-22,500000,-2547867,True,2,18 22 36 40 42 45 2
2020-11-25,1000000,500000,True,1,10 13 15 26 33 39 35
2020-11-29,749657,-250343,False,,5 15 26 32 33 35 30
2020-12-02,1581235,831578,True,1,11 14 24 27 28 34 23
2020-12-06,798355,-782880,False,,4 10 12 20 40 41 2
2020-12-09,1596571,798216,False,,1 4 6 9 23 42 41
2020-12-13,2674182,1077611,False,,17 19 22 24 29 43 1
2020-12-16,3851131,1176949,False,,5 11 12 19 21 41 42
2020-12-20,5372211,1521080,False,,10 12 16 27 39 42 45
2020-12-23,7386953,2014742,False,,7 12 23 24 31 38 22
2020-12-27,9165954,1779001,True,1,16 18 19 24 28 32 42
2020-12-30,831707,-8334247,False,,3 6 14 35 40 42 11
2021-01-03,1799701,967994,True,1,4 5 12 16 26 40 39
2021-01-06,712360,-1087341,False,,10 13 18 30 39 45 28
2021-01-08,1570884,858524,False,,4 20 22 24 27 29 31
2021-01-10,2457106,886222,True,1,4 5 8 18 29 34 23
2021-01-13,691245,-1765861,False,,6 8 23 28 32 44 35
2021-01-17,1675627,984382,False,,4 5 14 17 32 33 27
2021-01-20,2692391,1016764,False,,5 14 20 24 27 42 45
2021-01-24,4021756,1329365,False,,5 10 17 27 31 42 2
2021-01-27,5463672,1441916,False,,4 5 17 21 27 42 2
2021-01-31,7379363,1915691,False,,3 5 25 27 28 40 43
2021-02-03,5001911,-2377452,True,2,12 22 23 26 32 34 14
2021-02-07,855120,-4146791,False,,18 20 32 34 40 45 2
2021-02-10,1787884,932764,False,,20 26 27 28 29 41 44
2021-02-12,2667950,880066,False,,3 9 23 28 39 42 41
2021-02-14,3636274,968324,False,,7 25 31 32 37 41 26
2021-02-17,5025176,1388902,False,,7 8 13 14 19 43 20
2021-02-21,3420048,-1605128,True,2,10 21 26 35 40 45 14
2021-02-24,1000000,-2420048,True,1,7 11 19 27 41 45 33
2021-02-28,832504,-167496,False,,10 13 20 27 33 35 36
2021-03-03,1719492,886988,False,,1 6 7 13 17 37 45
2021-03-07,2843304,1123812,True,1,11 14 15 18 25 32 36
2021-03-10,699196,-2144108,False,,5 13 25 26 37 40 15
2021-03-12,1448613,749417,False,,4 17 27 32 39 45 34
2021-03-14,2284756,836143,False,,15 16 18 23 25 35 34
2021-03-17,3367644,1082888,False,,6 10 18 21 32 33 29
2021-03-21,2408196,-959448,True,2,8 26 35 39 40 45 21
2021-03-24,678677,-1729519,False,,4 6 8 13 19 27 15
2021-03-28,1626272,947595,False,,3 11 24 27 29 45 35
2021-03-31,2572677,946405,False,,1 2 13 18 22 42 39
2021-04-04,3838710,1266033,True,1,11 18 30 31 44 45 3
2021-04-07,647299,-3191411,False,,12 17 26 27 43 44 2
2021-04-09,1358561,711262,False,,9 16 20 21 33 37 31
2021-04-11,2173589,815028,False,,1 4 7 17 36 38 6
2021-04-14,3224057,1050468,True,1,3 4 6 12 40 43 45
2021-04-18,789170,-2434887,False,,3 15 21 22 29 32 17
2021-04-21,1608201,819031,False,,11 13 15 16 38 39 7
2021-04-25,1321686,-286515,True,2,9 11 13 14 37 38 26
2021-04-28,1000000,-321686,True,1,9 11 12 14 24 26 22
2021-05-02,731568,-268432,False,,4 6 7 17 18 38 19
2021-05-05,1552131,820563,False,,20 29 30 40 44 45 19
2021-05-09,2627717,1075586,False,,3 7 16 25 39 45 18
2021-05-12,3748807,1121090,False,,3 4 8 18 27 34 35
2021-05-14,4623071,874264,False,,4 8 17 18 38 44 28
2021-05-16,2855026,-1768045,True,2,5 6 8 16 22 42 10
2021-05-19,635734,-2219292,False,,3 4 17 22 27 41 44
2021-05-23,773311,137577,True,2,1 17 20 32 35 36 19
2021-05-26,500000,-273311,True,2,6 8 11 17 21 33 2
2021-05-30,1000000,500000,True,1,4 10 17 28 42 44 14
2021-06-02,1000000,0,True,1,10 12 23 26 32 40 16
2021-06-06,1000000,0,True,1,24 27 29 32 35 45 6
2021-06-09,613693,-386307,False,,3 9 24 38 39 42 29
2021-06-13,734228,120535,True,2,1 4 5 13 16 20 3
2021-06-16,602459,-131769,False,,7 10 21 22 40 43 37
2021-06-20,1427936,825477,False,,4 7 8 19 23 42 40
2021-06-23,1128951,-298985,True,2,4 5 10 36 42 45 19
2021-06-27,695725,-433226,False,,16 20 24 27 30 39 23
2021-06-30,1439719,743994,False,,4 5 11 22 41 44 7
2021-07-04,2421629,981910,True,1,7 13 23 33 35 40 5
2021-07-07,1000000,-1421629,True,1,2 5 7 12 25 32 19
2021-07-09,564629,-435371,False,,4 5 15 28 42 43 23
2021-07-11,1204870,640241,True,1,1 8 13 23 30 40 12
2021-07-14,578532,-626338,False,,10 13 23 34 37 40 17
2021-07-18,1405556,827024,False,,6 11 16 29 44 45 10
2021-07-21,2255820,850264,True,1,7 12 28 31 35 40 19
2021-07-25,712782,-1543038,False,,9 12 17 30 31 43 11
2021-07-28,735793,23011,True,2,5 8 9 19 25 37 16
2021-08-01,724583,-11210,False,,8 13 19 20 26 45 9
2021-08-04,1498999,774416,False,,11 14 18 42 44 45 27
2021-08-08,1233821,-265178,True,2,3 17 27 30 40 41 19
2021-08-11,608749,-625072,False,,1 3 8 28 37 38 4
2021-08-13,1273564,664815,False,,3 6 19 41 43 45 5
2021-08-15,989064,-284500,True,2,5 20 21 28 33 35 39
2021-08-18,579657,-409407,False,,22 27 30 39 41 42 17
2021-08-22,1406493,826836,False,,8 10 15 18 19 33 26
2021-08-25,2272060,865567,True,1,3 15 24 29 40 45 20
2021-08-29,692827,-1579233,False,,8 14 18 29 40 42 44
2021-09-01,1457006,764179,False,,13 24 29 33 38 45 8
2021-09-05,2430325,973319,False,,6 15 22 38 43 45 41
2021-09-08,3467139,1036814,False,,2 11 23 25 27 42 20
2021-09-10,4395157,928018,True,1,1 10 11 30 34 41 28
2021-09-12,724928,-3670229,False,,7 14 18 20 41 43 10
2021-09-15,1475127,750199,False,,4 5 19 27 36 41 37
2021-09-19,2447238,972111,True,1,3 6 8 24 26 27 2
2021-09-22,600248,-1846990,False,,3 21 24 29 34 42 11
2021-09-26,1440251,840003,False,,3 11 22 23 24 28 19
2021-09-29,2302627,862376,True,1,6 16 29 31 33 39 30
2021-10-03,722686,-1579941,False,,5 29 38 41 43 45 32
2021-10-06,1488704,766018,False,,6 8 21 22 25 45 30
2021-10-08,2223134,734430,False,,1 5 13 24 32 38 37
2021-10-10,3028723,805589,False,,5 7 12 13 14 42 18
2021-10-13,4189556,1160833,False,,7 9 18 21 34 40 38
2021-10-17,1900397,-2289159,True,3,5 8 10 20 24 28 40
2021-10-20,608112,-1292285,False,,2 12 14 29 42 45 30
2021-10-24,1454322,846210,False,,2 5 9 24 26 35 8
2021-10-27,2264514,810192,False,,1 25 33 34 38 43 21
2021-10-31,3427443,1162929,False,,2 3 10 15 40 43 11
2021-11-03,4550660,1123217,False,,4 9 19 21 43 45 3
2021-11-07,3032402,-1518258,True,2,2 7 13 26 29 42 33
2021-11-10,646940,-2385462,False,,2 15 17 18 19 23 13
2021-11-12,1315719,668779,False,,7 17 20 28 35 41 10
2021-11-14,2064142,748423,False,,5 8 9 13 38 42 16
2021-11-17,3012013,947871,False,,9 20 25 26 32 42 43
2021-11-21,4267076,1255063,False,,1 6 17 19 21 32 35
2021-11-24,2801011,-1466065,True,2,17 24 26 29 30 35 32
2021-11-28,756165,-2044846,False,,6 12 19 23 25 26 45
2021-12-01,1562779,806614,False,,6 24 27 41 42 45 34
2021-12-05,2604958,1042179,True,1,9 10 16 21 28 31 17
2021-12-08,622384,-1982574,False,,7 12 20 24 36 38 44
2021-12-12,1524351,901967,False,,1 14 17 18 26 37 20
2021-12-15,2446928,922577,False,,10 14 22 30 31 36 28
2021-12-19,3607960,1161032,True,1,5 9 11 16 23 35 19
2021-12-22,1000000,-2607960,True,1,4 10 16 18 25 32 2
2021-12-26,1000000,0,True,1,15 18 19 26 35 36 11
2021-12-29,689597,-310403,False,,12 20 30 35 42 43 10
2022-01-02,817096,127499,True,2,11 19 20 30 34 38 25
2022-01-05,678795,-138301,False,,4 14 29 35 39 40 36
2022-01-09,1513687,834892,False,,2 3 5 11 19 44 24
2022-01-12,2423879,910192,False,,4 9 29 30 32 38 14
2022-01-14,3264949,841070,True,1,6 14 20 29 34 41 11
2022-01-16,711680,-2553269,False,,6 7 9 37 41 43 32
2022-01-19,1505229,793549,False,,9 10 11 21 32 43 44
2022-01-23,2501615,996386,False,,5 27 29 31 35 44 37
2022-01-26,3547027,1045412,False,,2 19 23 36 38 39 7
2022-01-30,2460412,-1086615,True,2,11 14 34 37 39 40 42
2022-02-02,649793,-1810619,False,,4 8 10 15 18 27 45
2022-02-06,1552040,902247,False,,7 16 17 32 36 39 37
2022-02-09,2443586,891546,False,,1 4 21 29 31 34 12
2022-02-11,3291022,847436,False,,2 7 22 37 40 44 21
2022-02-13,4240390,949368,True,1,13 17 23 26 35 37 5
2022-02-16,620931,-3619459,False,,12 17 23 24 28 45 44
2022-02-20,1494720,873789,False,,2 10 17 24 35 37 42
2022-02-23,2388666,893946,False,,1 3 21 23 35 43 44
2022-02-27,1765837,-622829,True,2,1 10 23 25 35 39 5
2022-03-02,635278,-1130559,False,,4 12 20 25 29 36 1
2022-03-06,1521433,886155,True,1,11 22 24 29 39 40 9
2022-03-09,609768,-911665,False,,2 22 32 33 34 41 42
2022-03-11,1255270,645502,False,,7 16 19 29 32 37 30
2022-03-13,1961870,706600,False,,7 8 14 32 39 41 33
2022-03-16,1440420,-521450,True,2,2 22 26 27 28 43 40
2022-03-20,701751,-738669,False,,10 14 15 17 19 36 5
2022-03-23,1423964,722213,False,,1 2 10 14 17 24 34
2022-03-27,2341175,917211,False,,13 18 32 40 43 45 44
2022-03-30,3289627,948452,True,1,5 12 23 24 25 40 7
2022-04-03,1000000,-2289627,True,1,3 17 26 33 41 45 4
2022-04-06,595308,-404692,False,,10 39 41 42 43 44 25
2022-04-08,1226169,630861,False,,4 5 17 18 32 34 41
2022-04-10,1919427,693258,False,,3 14 19 24 26 44 34
2022-04-13,2812258,892831,False,,2 7 31 32 41 42 24
2022-04-17,4023591,1211333,False,,10 25 30 38 39 41 27
2022-04-20,5257828,1234237,False,,10 14 17 22 23 32 34
2022-04-24,7084706,1826878,False,,5 13 18 28 39 45 27
2022-04-27,9802237,2717531,True,1,8 9 28 34 40 43 32
2022-05-01,736620,-9065617,False,,16 21 23 25 31 44 29
2022-05-04,1506677,770057,False,,6 7 11 13 34 40 36
2022-05-08,2499034,992357,False,,21 23 27 28 36 44 39
2022-05-11,3495116,996082,True,1,4 15 22 29 32 42 28
2022-05-13,500000,-2995116,True,2,3 6 11 25 33 45 23
2022-05-15,500000,0,True,2,4 11 13 20 29 45 12
2022-05-18,577120,77120,False,,1 2 18 27 36 37 26
2022-05-22,1378812,801692,False,,5 13 20 21 29 32 18
2022-05-25,2215277,836465,False,,3 4 25 27 30 42 31
2022-05-29,3147826,932549,True,1,5 12 20 40 41 45 10
2022-06-01,604811,-2543015,False,,13 18 19 26 41 44 17
2022-06-05,1444402,839591,True,1,32 34 36 37 38 43 28
2022-06-08,572659,-871743,False,,10 14 26 27 35 41 32
2022-06-12,1400892,828233,False,,12 14 31 33 35 40 24
2022-06-15,2254729,853837,False,,3 12 26 32 36 42 30
2022-06-19,3203930,949201,False,,5 18 20 24 37 40 30
2022-06-22,4287037,1083107,False,,10 18 28 29 37 42 26
2022-06-26,5629282,1342245,True,1,1 11 17 18 19 43 26
2022-06-29,599111,-5030171,False,,10 13 37 38 42 44 21
2022-07-03,1430926,831815,False,,8 11 17 25 35 45 20
2022-07-06,1138065,-292861,True,2,11 12 15 18 33 43 38
2022-07-08,576252,-561813,False,,11 17 21 22 24 38 2
2022-07-10,1191741,615489,True,1,9 12 24 25 28 45 16
2022-07-13,572969,-618772,False,,1 5 20 22 41 42 35
2022-07-17,1379880,806911,False,,4 11 27 29 32 35 6
2022-07-20,2178668,798788,True,1,14 18 31 33 37 42 27
2022-07-24,675093,-1503575,False,,13 20 25 32 33 39 1
2022-07-27,1389563,714470,False,,14 15 27 30 36 37 29
2022-07-31,2292873,903310,False,,8 31 32 34 37 45 30
2022-08-03,3233003,940130,False,,24 25 30 36 44 45 23
2022-08-07,2214992,-1018011,True,2,1 16 30 31 37 42 25
2022-08-10,1000000,-1214992,True,1,7 17 19 22 33 40 20
2022-08-12,540209,-459791,False,,5 24 28 37 38 43 3
2022-08-14,1148653,608444,False,,2 14 16 22 32 36 21
2022-08-17,1856088,707435,False,,1 3 7 30 34 36 14
2022-08-21,2854087,997999,True,1,14 16 24 26 40 44 35
2022-08-24,577937,-2276150,False,,2 7 10 20 36 38 22
2022-08-28,1375959,798022,False,,3 18 27 29 34 42 32
2022-08-31,2175558,799599,False,,1 6 12 14 16 36 26
2022-09-04,3214498,1038940,False,,1 2 18 27 32 44 40
2022-09-07,4350917,1136419,True,1,3 14 17 24 35 44 7
2022-09-11,1000000,-3350917,True,1,7 9 12 14 23 27 34
2022-09-14,591849,-408151,False,,5 16 18 22 36 37 25
2022-09-16,1217478,625629,False,,4 6 15 31 39 41 9
2022-09-18,1897262,679784,False,,4 18 19 21 29 37 1
2022-09-21,2788571,891309,False,,3 7 35 36 39 42 4
2022-09-25,3957042,1168471,True,1,9 10 12 33 42 43 23
2022-09-28,591722,-3365320,False,,5 11 19 27 30 44 23
2022-10-02,1432472,840750,False,,6 11 13 21 34 39 42
2022-10-05,2262487,830015,False,,10 12 25 35 36 42 26
2022-10-09,3318912,1056425,False,,10 13 17 22 32 39 4
2022-10-12,4441249,1122337,False,,8 16 17 22 27 40 35
2022-10-14,5515341,1074092,True,1,3 10 24 29 39 41 42
2022-10-16,723864,-4791477,False,,8 14 15 22 26 41 38
2022-10-19,1443732,719868,False,,2 13 15 21 37 43 10
2022-10-23,2374960,931228,False,,6 8 12 37 39 43 28
2022-10-26,3257978,883018,True,1,9 22 25 34 37 45 3
2022-10-30,721818,-2536160,False,,2 11 16 25 38 41 7
2022-11-02,1457563,735745,False,,2 14 15 22 28 42 12
2022-11-06,1224346,-233217,True,2,2 4 15 30 32 34 43
2022-11-09,618614,-605732,False,,2 13 23 27 28 45 14
2022-11-11,1272234,653620,False,,6 15 16 17 23 42 18
2022-11-13,1984605,712371,False,,3 11 17 29 37 41 8
2022-11-16,1457977,-526628,True,2,4 5 8 22 37 38 9
2022-11-20,1000000,-457977,True,1,1 11 16 20 35 45 41
2022-11-23,589208,-410792,False,,14 28 32 33 43 44 20
2022-11-27,1407989,818781,False,,7 13 18 37 39 45 40
2022-11-30,2244668,836679,False,,12 14 28 31 33 42 5
2022-12-04,3340857,1096189,False,,10 17 25 27 35 43 21
2022-12-07,4513544,1172687,False,,1 12 19 22 29 35 38
2022-12-11,5904741,1391197,False,,8 13 27 36 37 40 12
2022-12-14,7710363,1805622,False,,6 19 20 22 29 39 33
2022-12-18,5199031,-2511332,True,2,5 11 27 28 39 44 36
2022-12-21,692368,-4506663,False,,10 13 29 30 32 42 36
2022-12-25,1708635,1016267,False,,7 12 31 37 40 41 45
2022-12-28,2576292,867657,False,,1 5 12 30 34 36 40
2023-01-01,3918649,1342357,False,,1 3 24 33 39 40 35
2023-01-04,5200611,1281962,False,,3 5 10 17 35 41 22
2023-01-08,6694017,1493406,True,1,4 6 19 25 39 42 17
2023-01-11,667480,-6026537,False,,3 13 25 26 27 40 31
2023-01-13,1412022,744542,False,,9 11 17 28 34 45 43
2023-01-15,2194746,782724,False,,28 31 32 37 42 45 16
2023-01-18,3191370,996624,False,,1 11 12 15 27 38 3
2023-01-22,2224097,-967273,True,2,4 12 24 32 36 38 21
2023-01-25,635657,-1588440,False,,6 38 39 41 42 43 15
2023-01-29,1510288,874631,True,1,14 25 34 36 38 42 7
2023-02-01,1000000,-510288,True,1,8 10 17 22 35 37 12
2023-02-05,1000000,0,True,1,9 12 24 26 31 33 30
2023-02-08,629389,-370611,False,,2 6 16 21 24 37 42
2023-02-10,1288038,658649,False,,4 5 35 41 43 45 1
2023-02-12,2017087,729049,False,,23 24 31 38 41 45 15
2023-02-15,2987768,970681,False,,5 9 18 22 28 33 24
2023-02-19,4241114,1253346,False,,14 17 27 32 37 43 15
2023-02-22,5554906,1313792,True,1,2 10 14 32 35 43 20
2023-02-26,730099,-4824807,False,,2 5 16 19 26 29 4
2023-03-01,1508319,778220,False,,2 3 7 26 27 31 32
2023-03-05,2509936,1001617,False,,11 14 17 23 32 44 24
2023-03-08,3537465,1027529,False,,3 10 20 37 43 44 4
2023-03-10,4487186,949721,False,,5 11 19 27 32 42 9
2023-03-12,5525145,1037959,False,,5 11 20 22 29 34 4
2023-03-15,2391218,-3133927,True,3,10 13 20 23 39 44 40
2023-03-19,747649,-1643569,False,,3 11 17 33 34 43 32
2023-03-22,1504872,757223,False,,5 7 29 36 37 43 18
2023-03-26,2459785,954913,True,1,14 19 21 29 34 35 38
2023-03-29,612531,-1847254,False,,9 10 14 24 31 33 23
2023-04-02,1488382,875851,True,1,17 20 24 25 29 30 3
2023-04-05,630151,-858231,False,,5 6 16 18 23 45 33
2023-04-09,1525593,895442,True,1,10 15 20 27 42 44 37
2023-04-12,587942,-937651,False,,1 5 11 18 21 25 29
2023-04-14,1237899,649957,False,,7 9 18 20 28 34 37
2023-04-16,1961706,723807,True,1,7 13 17 37 38 39 34
2023-04-19,584560,-1377146,False,,1 2 9 10 18 29 7
2023-04-23,1403807,819247,False,,2 3 7 9 40 44 8
2023-04-26,2219785,815978,False,,4 14 15 27 33 35 18
2023-04-30,1109738,-1110047,True,3,7 8 10 18 36 38 44
2023-05-03,597316,-512422,False,,1 14 18 24 38 44 37
2023-05-07,1432622,835306,False,,13 14 16 32 35 36 15
2023-05-10,2266783,834161,False,,2 18 29 34 37 45 28
2023-05-12,3087950,821167,True,1,21 23 25 26 30 42 5
2023-05-14,670201,-2417749,False,,4 29 30 31 40 42 27
2023-05-17,1420102,749901,False,,3 8 9 38 41 44 32
2023-05-21,2279849,859747,False,,1 4 6 21 35 38 40
2023-05-24,3220249,940400,False,,10 13 18 23 30 34 44
2023-05-28,4393889,1173640,False,,3 9 19 31 35 38 22
2023-05-31,5604516,1210627,False,,4 17 19 26 39 43 37
2023-06-04,7288891,1684375,True,1,7 17 18 25 26 28 11
2023-06-07,645326,-6643565,False,,1 5 21 34 41 43 12
2023-06-11,1444169,798843,False,,1 6 16 30 33 42 22
2023-06-14,2277047,832878,False,,3 19 20 25 27 30 33
2023-06-18,3336297,1059250,False,,6 13 24 37 43 44 2
2023-06-21,4429466,1093169,False,,16 18 20 24 25 39 35
2023-06-25,5814067,1384601,True,1,2 4 8 31 33 45 12
2023-06-28,620766,-5193301,False,,13 19 26 30 32 44 16
2023-07-02,1500715,879949,False,,14 20 23 25 32 41 37
2023-07-05,2372281,871566,False,,5 6 27 30 33 36 7
2023-07-09,3448040,1075759,False,,1 3 7 16 29 35 30
2023-07-12,4623293,1175253,True,1,1 3 7 15 16 39 14
2023-07-14,638367,-3984926,False,,3 7 26 36 41 45 24
2023-07-16,1314529,676162,False,,6 21 24 25 28 39 13
2023-07-19,1081048,-233481,True,2,3 7 13 17 28 39 40
2023-07-23,762452,-318596,False,,3 9 12 15 20 25 39
2023-07-26,1533742,771290,True,1,1 4 16 21 26 29 31
2023-07-30,737304,-796438,False,,3 6 24 35 38 43 12
2023-08-02,1545535,808231,True,1,10 13 17 25 29 44 38
2023-08-06,754340,-791195,False,,7 9 11 27 40 41 15
2023-08-09,1544019,789679,False,,1 20 23 25 29 32 8
2023-08-11,2297185,753166,False,,11 14 18 23 25 39 30
2023-08-13,3095940,798755,False,,11 22 23 26 38 41 16
2023-08-16,4140410,1044470,False,,1 3 29 33 36 37 14
2023-08-20,5566617,1426207,True,1,1 24 27 41 43 44 23
2023-08-23,642847,-4923770,False,,15 17 24 25 30 37 29
2023-08-27,1505337,862490,True,1,8 16 19 22 25 29 4
2023-08-30,644825,-860512,False,,1 18 25 26 36 39 41
2023-09-03,1572063,927238,True,1,3 8 11 26 39 40 42
2023-09-06,646089,-925974,False,,1 6 11 16 28 36 41
2023-09-08,1307572,661483,False,,8 9 21 23 30 40 12
2023-09-10,2036353,728781,True,1,7 9 13 24 26 27 43
2023-09-13,616959,-1419394,False,,1 6 7 8 34 35 43
2023-09-17,1498541,881582,False,,1 13 18 28 34 35 26
2023-09-20,2370416,871875,True,1,6 15 36 40 43 44 29
2023-09-24,1000000,-1370416,True,1,7 11 25 35 36 38 30
2023-09-27,614939,-385061,False,,9 16 20 21 25 37 31
2023-10-01,1507919,892980,False,,12 23 26 37 41 45 3
2023-10-04,2416315,908396,False,,10 23 24 28 34 35 27
2023-10-08,1791189,-625126,True,2,6 24 32 33 39 45 25
2023-10-11,637163,-1154026,False,,11 18 24 25 26 41 10
2023-10-13,1345054,707891,False,,2 7 16 18 34 45 23
2023-10-15,2097775,752721,False,,2 16 33 38 39 44 21
2023-10-18,3071761,973986,True,1,8 9 21 28 31 37 44
2023-10-22,733715,-2338046,False,,3 12 13 25 32 35 4
2023-10-25,1549396,815681,False,,13 15 25 29 36 43 37
2023-10-29,2493472,944076,True,1,1 16 30 31 38 39 24
2023-11-01,1000000,-1493472,True,1,1 15 16 19 31 35 11
2023-11-05,1000000,0,True,1,9 14 16 18 29 43 27
2023-11-08,1000000,0,True,1,3 16 22 28 36 39 19
2023-11-10,567246,-432754,False,,2 13 17 20 33 40 38
2023-11-12,1212547,645301,False,,2 12 16 18 28 33 23
2023-11-15,2017792,805245,True,1,3 7 11 22 27 39 28
2023-11-19,709759,-1308033,False,,2 20 25 26 35 45 7
2023-11-22,1457099,747340,False,,12 15 16 22 37 38 28
2023-11-26,2384579,927480,False,,10 12 16 21 39 41 1
2023-11-29,3381585,997006,False,,1 24 29 30 33 37 45
2023-12-03,1557404,-1824181,True,3,3 4 5 8 21 23 12
2023-12-06,642730,-914674,False,,1 2 15 22 30 43 24
2023-12-10,739309,96579,True,2,4 5 23 34 38 40 15
2023-12-13,500000,-239309,True,2,1 3 10 11 30 44 39
2023-12-17,753331,253331,False,,3 9 31 32 36 38 6
2023-12-20,1567330,813999,False,,2 14 27 34 35 38 39
2023-12-24,2775923,1208593,False,,5 7 17 25 26 42 35
2023-12-27,3669049,893126,False,,17 27 30 32 37 44 41
2023-12-31,5362714,1693665,True,1,4 11 12 22 40 41 9
2024-01-03,650998,-4711716,False,,3 15 16 19 21 27 20
2024-01-07,761132,110134,True,2,1 9 14 15 20 35 3
2024-01-10,1000000,238868,True,1,21 33 36 37 41 43 2
2024-01-12,1000000,0,True,1,4 7 8 18 31 42 43
2024-01-14,1000000,0,True,1,6 14 15 16 25 39 33
2024-01-17,612046,-387954,False,,7 21 26 31 42 43 44
2024-01-21,1477457,865411,False,,3 16 27 31 40 42 25
2024-01-24,2341900,864443,False,,4 8 14 16 35 42 25
2024-01-28,3502080,1160180,False,,9 17 26 28 31 41 13
2024-01-31,4775762,1273682,False,,17 21 22 28 35 36 37
2024-02-04,2174563,-2601199,True,3,3 5 9 17 25 38 45
2024-02-07,666948,-1507615,False,,3 4 20 37 40 42 8
2024-02-09,1351998,685050,False,,2 3 8 20 21 31 35
2024-02-11,2109938,757940,False,,2 14 16 21 37 41 10
2024-02-14,3121348,1011410,True,1,2 21 22 27 34 37 25
2024-02-18,1000000,-2121348,True,1,13 18 23 29 30 42 19
2024-02-21,639945,-360055,False,,7 8 21 23 26 40 30
2024-02-25,1533118,893173,False,,3 8 10 14 29 35 45
2024-02-28,2415635,882517,True,1,10 22 24 28 34 43 42
2024-03-03,751347,-1664288,False,,3 11 14 25 33 39 17
2024-03-06,1529607,778260,False,,3 13 19 21 23 44 24
2024-03-08,2280898,751291,False,,6 14 18 22 28 37 33
2024-03-10,3113259,832361,True,1,7 13 17 20 35 39 12
2024-03-13,1000000,-2113259,True,1,2 5 7 14 38 41 26
2024-03-17,713496,-286504,False,,5 13 32 35 36 40 10
2024-03-20,725580,12084,True,2,1 3 6 7 20 45 28
2024-03-24,704316,-21264,False,,1 2 7 11 23 41 42
2024-03-27,1457259,752943,False,,4 11 25 26 32 41 36
2024-03-31,2488482,1031223,False,,5 15 19 21 23 44 36
2024-04-03,3420883,932401,False,,3 4 11 12 27 37 25
2024-04-07,4715840,1294957,True,1,19 28 37 41 42 43 6
2024-04-10,618137,-4097703,False,,5 12 13 14 39 43 16
2024-04-12,1248595,630458,False,,4 8 16 18 27 35 31
2024-04-14,1948313,699718,False,,9 15 19 26 31 45 28
2024-04-17,2895503,947190,False,,14 17 18 28 37 44 5
2024-04-21,4180927,1285424,False,,7 9 11 14 15 42 33
2024-04-24,5647287,1466360,False,,3 23 24 34 35 45 26
2024-04-28,7535657,1888370,True,1,4 9 30 38 41 44 26
2024-05-01,609018,-6926639,False,,3 10 21 24 36 38 15
2024-05-05,1494861,885843,False,,15 17 28 34 36 37 3
2024-05-08,2412750,917889,False,,2 4 9 16 19 44 43
2024-05-12,1731811,-680939,True,2,1 5 14 25 29 35 26
2024-05-15,628829,-1102982,False,,19 22 23 24 30 33 12
2024-05-17,1287097,658268,False,,22 23 28 35 41 43 15
2024-05-19,1005392,-281705,True,2,7 13 19 25 33 39 40
2024-05-22,562191,-443201,False,,14 19 28 32 40 42 1
2024-05-26,1388121,825930,True,1,1 6 13 21 40 45 22
2024-05-29,612758,-775363,False,,1 22 23 24 38 45 33
2024-06-02,1424048,811290,True,1,6 18 32 36 38 45 31
2024-06-05,609787,-814261,False,,7 15 21 28 31 39 42
2024-06-09,1454881,845094,False,,6 7 9 15 28 35 27
2024-06-12,2292944,838063,True,1,5 15 27 29 41 44 43
2024-06-16,701721,-1591223,False,,3 5 23 29 33 45 10
2024-06-19,1399752,698031,True,1,2 5 6 22 23 30 3
2024-06-23,677921,-721831,False,,7 8 10 14 18 23 27
2024-06-26,1376374,698453,False,,14 23 26 30 31 39 9
2024-06-30,2285305,908931,False,,2 13 20 23 28 38 27
2024-07-03,3252056,966751,False,,6 8 13 19 25 26 23
2024-07-07,4507850,1255794,True,1,9 10 18 22 35 40 13
2024-07-10,1000000,-3507850,True,1,6 8 12 18 19 38 21
2024-07-12,537046,-462954,False,,4 13 16 21 33 35 29
2024-07-14,576694,39648,True,2,7 13 17 20 30 43 1
2024-07-17,717143,140449,False,,2 17 23 35 41 42 39
2024-07-21,1694961,977818,True,1,3 15 25 26 30 33 42
2024-07-24,710463,-984498,False,,12 30 32 34 37 43 21
2024-07-28,1664061,953598,False,,7 9 12 17 19 39 18
2024-07-31,2633955,969894,False,,3 5 17 25 30 36 8
2024-08-04,3953610,1319655,True,1,11 13 27 32 38 40 23
2024-08-07,600000,-3353610,True,2,3 8 27 28 36 42 29
2024-08-09,1200000,600000,True,1,3 9 14 29 33 38 27
2024-08-11,675085,-524915,False,,13 14 31 34 36 40 26
2024-08-14,1517895,842810,False,,1 5 13 17 26 38 3
2024-08-18,2543364,1025469,False,,1 10 12 37 44 45 30
2024-08-21,3684002,1140638,False,,4 17 18 24 26 39 35
2024-08-25,1732889,-1951113,True,3,2 4 27 29 34 35 30
2024-08-28,1200000,-532889,True,1,5 9 16 20 39 45 29
2024-09-01,884744,-315256,False,,4 5 10 18 29 38 41
2024-09-04,1762419,877675,False,,1 14 15 23 31 42 26
2024-09-08,2908537,1146118,False,,2 9 11 12 19 29 42
2024-09-11,4112231,1203694,False,,2 8 11 12 23 40 6
2024-09-13,5290419,1178188,False,,2 3 11 20 30 42 10
2024-09-15,6536316,1245897,False,,1 2 3 4 20 26 29
2024-09-18,8492148,1955832,False,,1 16 17 18 31 44 25
2024-09-22,11152282,2660134,True,1,15 19 32 37 39 40 34
2024-09-25,737970,-10414312,False,,2 7 18 20 24 37 21
2024-09-29,1753743,1015773,False,,4 7 16 25 27 41 38
2024-10-02,2770963,1017220,False,,12 23 26 27 35 43 38
2024-10-06,4129970,1359007,False,,3 8 21 22 32 43 12
2024-10-09,5533572,1403602,False,,2 10 12 15 40 42 16
2024-10-11,6871809,1338237,False,,16 22 28 29 36 45 26
2024-10-13,8396843,1525034,False,,1 3 18 23 28 35 33
2024-10-16,10887160,2490317,True,1,3 12 30 41 42 45 33
2024-10-20,897467,-9989693,False,,4 6 15 35 41 43 40
2024-10-23,1785420,887953,False,,12 17 22 27 36 40 14
2024-10-27,2867162,1081742,True,1,10 22 25 27 32 40 15
2024-10-30,772809,-2094353,False,,7 8 29 36 39 40 6
2024-11-03,1785560,1012751,True,1,12 16 18 19 27 44 6
2024-11-06,757360,-1028200,False,,9 12 23 26 30 44 41
2024-11-08,1545786,788426,False,,3 6 18 25 40 43 12
2024-11-10,2413735,867949,False,,8 11 14 28 32 36 34
2024-11-13,3549022,1135287,False,,10 17 20 21 24 36 19
2024-11-17,5075162,1526140,True,1,7 8 11 16 26 40 44
2024-11-20,741315,-4333847,False,,7 8 9 41 42 45 30
2024-11-24,1753594,1012279,False,,8 11 30 31 33 37 6
2024-11-27,2764073,1010479,False,,1 2 8 16 41 42 18
2024-12-01,4158515,1394442,False,,3 4 7 8 35 41 29
2024-12-04,5614831,1456316,False,,14 17 27 28 36 44 24
2024-12-08,7500529,1885698,False,,9 19 31 33 34 36 5
2024-12-11,9625763,2125234,True,1,13 17 26 34 39 42 6
2024-12-15,1200000,-8425763,True,1,4 5 41 42 44 45 6
2024-12-18,796903,-403097,False,,1 7 25 27 32 34 13
2024-12-22,955593,158690,True,2,3 25 30 34 41 44 17
2024-12-25,600000,-355593,True,2,9 15 20 24 26 34 31
2024-12-29,867140,267140,False,,14 17 20 35 39 45 43
2025-01-01,1908002,1040862,False,,5 15 16 32 34 35 37
2025-01-05,3115592,1207590,True,1,5 11 19 21 34 44 33
2025-01-08,747102,-2368490,False,,3 9 18 22 31 36 32
2025-01-10,1541010,793908,False,,3 14 22 23 38 44 29
2025-01-12,2414065,873055,True,1,2 4 5 22 24 27 25
2025-01-15,1200000,-1214065,True,1,9 17 23 33 36 38 27
2025-01-19,847506,-352494,False,,10 16 19 22 30 40 1
2025-01-22,1717592,870086,True,1,3 5 29 33 40 45 22
2025-01-26,1200000,-517592,True,1,5 11 13 17 27 44 19
2025-01-29,713551,-486449,False,,10 11 13 23 29 41 27
2025-02-02,1746190,1032639,False,,2 4 19 20 35 45 21
2025-02-05,2760057,1013867,False,,1 9 13 15 26 27 14
2025-02-09,4078501,1318444,False,,4 18 23 27 37 38 24
2025-02-12,5481817,1403316,False,,2 12 24 35 36 45 30
2025-02-14,6858631,1376814,True,1,19 22 25 38 41 44 26
2025-02-16,851602,-6007029,False,,21 30 31 35 42 43 4
2025-02-19,1732064,880462,False,,3 20 25 27 29 32 45
2025-02-23,2868847,1136783,True,1,3 19 24 35 42 43 17
2025-02-26,1200000,-1668847,True,1,10 15 18 20 25 41 17
2025-03-02,911052,-288948,False,,10 13 14 16 21 34 24
2025-03-05,890599,-20453,True,2,1 6 24 28 34 44 38
2025-03-09,853224,-37375,False,,20 24 32 37 39 44 42
2025-03-12,1725382,872158,False,,3 12 13 29 38 44 25
2025-03-14,2583601,858219,False,,5 7 10 16 32 41 9
2025-03-16,3539093,955492,False,,6 10 12 23 28 36 13
2025-03-19,4864495,1325402,False,,14 15 20 27 34 40 43
2025-03-23,6583902,1719407,False,,1 17 32 39 43 45 4
2025-03-26,8608556,2024654,False,,1 14 15 18 23 38 9
2025-03-30,3826437,-4782119,True,3,5 8 20 24 27 40 25
2025-04-02,1200000,-2626437,True,1,1 2 15 17 23 27 21
2025-04-06,864863,-335137,False,,16 20 22 27 32 38 14
2025-04-09,1737652,872789,True,1,5 21 24 27 38 44 35
2025-04-11,659761,-1077891,False,,6 7 16 40 42 43 35
2025-04-13,1402602,742841,False,,9 25 37 40 43 45 20
2025-04-16,2334722,932120,True,1,4 5 25 32 36 38 34
2025-04-20,871000,-1463722,False,,3 16 34 35 38 43 23
2025-04-23,1648621,777621,False,,6 12 23 25 26 29 7
2025-04-27,2718281,1069660,False,,13 16 24 25 29 30 37
2025-04-30,3861052,1142771,True,1,2 12 14 20 21 45 44
2025-05-04,805909,-3055143,False,,8 11 20 34 37 38 7
2025-05-07,1679244,873335,False,,24 25 30 34 39 44 23
2025-05-09,2533788,854544,False,,10 13 18 27 34 40 38
2025-05-11,3461930,928142,False,,11 12 28 31 41 45 6
2025-05-14,4713449,1251519,True,1,18 19 27 33 36 40 28
2025-05-18,828350,-3885099,False,,7 9 27 30 43 45 42
2025-05-21,1658836,830486,False,,11 15 21 27 31 43 42
2025-05-25,2730341,1071505,False,,3 24 25 31 40 43 45
2025-05-28,3875638,1145297,False,,3 5 10 21 30 32 11
2025-06-01,5210747,1335109,True,1,5 7 15 20 34 43 2
2025-06-04,400000,-4810747,True,3,2 4 5 17 19 29 33
2025-06-08,600000,200000,True,2,8 10 16 17 31 44 7
2025-06-11,654339,54339,False,,3 7 8 14 34 40 18
2025-06-13,1373464,719125,True,1,6 7 12 24 32 41 38
2025-06-15,665856,-707608,False,,9 13 15 18 24 44 6
2025-06-18,1478351,812495,False,,21 31 34 40 42 43 15
2025-06-22,2415499,937148,False,,17 18 21 28 35 41 31
2025-06-25,3444625,1029126,False,,2 4 15 22 29 42 35
2025-06-29,4788832,1344207,False,,10 12 14 28 31 41 29
2025-07-02,6314286,1525454,False,,4 7 15 19 20 43 33
2025-07-06,8268329,1954043,True,1,7 8 18 23 33 39 15
2025-07-09,1200000,-7068329,True,1,2 4 7 11 15 30 27
2025-07-11,633618,-566382,False,,6 8 20 22 29 44 11
2025-07-13,1345904,712286,False,,8 9 10 16 22 41 13
2025-07-16,2256283,910379,False,,1 4 6 13 31 40 45
2025-07-20,3463092,1206809,False,,1 7 27 31 38 41 20
2025-07-23,4717544,1254452,True,1,5 13 16 30 34 44 9
2025-07-25,625847,-4091697,False,,6 9 22 28 34 36 44
2025-07-27,1312677,686830,False,,8 16 17 34 35 43 19
2025-07-30,2196683,884006,False,,5 17 20 28 31 33 12
2025-08-03,3434534,1237851,False,,2 14 18 27 29 30 22
2025-08-06,4720140,1285606,True,1,4 25 27 28 31 43 42
2025-08-08,630745,-4089395,False,,15 21 23 28 32 43 39
2025-08-10,1322047,691302,False,,1 3 13 15 17 40 45
2025-08-13,2211582,889535,False,,4 10 16 19 27 41 40
2025-08-17,3337372,1125790,False,,4 16 17 18 21 44 39
2025-08-20,4620243,1282871,False,,2 28 33 34 35 36 6
2025-08-22,5851294,1231051,False,,1 6 10 14 16 25 27
2025-08-24,7257569,1406275,False,,5 10 17 25 40 42 37
2025-08-27,9682498,2424929,True,1,10 28 29 32 33 34 42
2025-08-31,886735,-8795763,False,,3 4 18 21 32 40 23
2025-09-03,1755480,868745,False,,3 4 9 17 27 38 45
2025-09-05,2554697,799217,False,,10 14 18 22 23 26 32
2025-09-07,3446514,891817,False,,9 10 17 18 26 40 2
2025-09-10,4678163,1231649,True,1,2 10 15 23 25 42 31
2025-09-14,837907,-3840256,False,,2 5 13 22 25 32 14
2025-09-17,1670665,832758,False,,1 19 27 30 39 41 23
2025-09-19,2436452,765787,False,,1 4 11 13 38 41 32
2025-09-21,3289865,853413,False,,15 21 22 29 33 38 6
2025-09-24,4465365,1175500,False,,10 23 27 32 42 44 14
2025-09-28,6028613,1563248,False,,19 30 33 34 44 45 15
2025-10-01,7832938,1804325,True,1,6 7 19 29 31 33 24
2025-10-03,633073,-7199865,False,,2 4 25 27 32 43 14
2025-10-05,1332180,699107,False,,3 19 21 27 30 42 18
2025-10-08,1115888,-216292,True,2,1 11 23 26 35 38 27
2025-10-12,807043,-308845,False,,9 23 32 42 43 44 6
2025-10-15,1630983,823940,False,,2 14 34 38 40 41 44
2025-10-17,2394118,763135,False,,7 16 22 27 32 33 36
2025-10-19,3259580,865462,False,,12 14 24 27 41 45 20
2025-10-22,4459759,1200179,True,1,15 16 18 21 32 43 34
2025-10-26,1200000,-3259759,True,1,4 20 23 30 32 41 42
2025-10-29,675945,-524055,False,,3 4 12 15 19 25 41
2025-10-31,1446028,770083,True,1,4 7 9 16 17 24 29
2025-11-02,607004,-839024,False,,3 7 10 21 27 44 29
2025-11-05,1426324,819320,False,,12 17 20 33 41 43 42
2025-11-09,2474169,1047845,False,,3 11 22 26 33 42 19
2025-11-12,3548759,1074590,True,1,11 19 26 28 31 44 9
2025-11-14,621778,-2926981,False,,4 5 8 23 27 44 17
2025-11-16,1320165,698387,False,,2 20 27 33 42 45 9
2025-11-19,2187647,867482,False,,4 14 34 39 41 44 9
2025-11-23,3321840,1134193,False,,19 21 31 36 37 42 39
2025-11-26,4538009,1216169,False,,7 10 16 17 35 43 3
2025-11-28,5700898,1162889,True,1,12 20 30 39 40 44 3
2025-11-30,769990,-4930908,False,,5 19 20 23 29 36 16
2025-12-03,1612735,842745,False,,10 14 18 22 31 40 43
2025-12-07,2691011,1078276,False,,8 9 11 12 23 37 44
2025-12-10,3715801,1024790,False,,2 8 36 40 41 45 27
2025-12-12,4768158,1052357,True,1,3 21 25 27 38 41 9
2025-12-14,738428,-4029730,False,,4 15 24 30 37 40 13
2025-12-17,1571189,832761,True,1,9 11 13 15 19 30 1
2025-12-21,839470,-731719,False,,14 23 28 30 33 42 5
2025-12-24,1928113,1088643,True,1,3 4 12 24 32 33 44
2025-12-26,513598,-1414515,False,,2 3 5 12 17 43 8
2025-12-28,1222051,708453,False,,2 17 22 23 27 30 42
2025-12-31,2510640,1288589,True,1,1 6 20 31 34 45 41
2026-01-04,1200000,-1310640,True,1,1 4 15 16 22 38 11
2026-01-07,690345,-509655,False,,4 5 16 21 35 45 33
2026-01-09,1372155,681810,False,,2 10 11 31 34 43 44
2026-01-11,2116563,744408,False,,5 8 14 16 27 43 42
2026-01-14,3143389,1026826,True,1,6 7 18 24 37 42 11
2026-01-18,1200000,-1943389,True,1,1 9 19 27 28 40 17
2026-01-21,674581,-525419,False,,2 10 13 24 36 39 25
2026-01-23,1341734,667153,False,,10 25 31 39 40 44 20
2026-01-25,2067546,725812,False,,1 5 11 18 23 45 27
2026-01-28,3082859,1015313,False,,8 10 20 30 34 43 25
2026-02-01,4503021,1420162,False,,4 5 6 11 32 35 9
2026-02-04,6143677,1640656,True,1,2 18 25 26 30 43 1
2026-02-06,644168,-5499509,False,,9 21 25 35 36 44 42
2026-02-08,1338379,694211,False,,12 16 19 31 34 45 44
2026-02-11,2228625,890246,False,,5 20 21 22 35 43 4
2026-02-15,3444866,1216241,False,,4 5 22 24 27 30 44
2026-02-18,4720097,1275231,False,,8 24 29 31 33 45 9
2026-02-20,2951543,-1768554,True,2,6 9 16 18 25 27 20
2026-02-22,736268,-2215275,False,,9 10 11 37 39 44 12
2026-02-25,1533309,797041,False,,14 17 21 31 38 43 18
2026-03-01,2592415,1059106,False,,3 11 17 21 24 33 40
2026-03-04,3688552,1096137,False,,7 35 39 43 44 45 33
2026-03-06,4750787,1062235,False,,5 11 31 37 40 42 38
2026-03-08,5894067,1143280,False,,17 20 21 22 29 35 8
2026-03-11,7712071,1818004,True,1,4 14 18 25 27 35 29
2026-03-15,831062,-6881009,False,,6 10 17 24 25 35 4
2026-03-18,1641506,810444,True,1,16 24 29 30 39 43 32
2026-03-20,585347,-1056159,False,,9 11 32 38 43 45 29
2026-03-22,1300000,714653,True,1,5 9 13 23 34 42 18
2026-03-25,645908,-654092,False,,8 9 12 24 28 40 14
2026-03-29,1511198,865290,True,1,13 25 36 38 40 42 18
2026-04-01,1200000,-311198,True,1,5 14 16 19 34 37 12
2026-04-03,612503,-587497,False,,6 14 16 26 27 33 39
2026-04-05,1300000,687497,True,1,2 4 18 21 22 31 40
2026-04-08,602920,-697080,False,,6 17 25 33 35 43 27
2026-04-12,1471085,868165,False,,2 3 9 32 39 42 40
2026-04-15,783599,-687486,True,3,5 6 7 12 26 28 1
2026-04-17,565720,-217879,False,,1 10 19 22 39 41 43
2026-04-19,1207776,642056,False,,2 13 26 30 39 40 38
2026-04-22,2025759,817983,False,,8 16 24 34 39 43 3
2026-04-26,3089182,1063423,False,,2 6 9 10 15 29 37
2026-04-29,4258463,1169281,False,,4 6 9 12 18 31 39
2026-05-01,5238927,980464,False,,2 21 27 39 40 44 35
2026-05-03,6449636,1210709,False,,2 10 12 25 31 35 4
2026-05-06,2113437,-4336199,True,4,1 7 12 13 14 42 23
2026-05-10,805163,-1308274,False,,1 4 15 19 28 34 37
2026-05-13,1617992,812829,False,,5 15 20 21 29 40 1
2026-05-15,2306776,688784,False,,1 14 20 36 38 43 22
2026-05-17,3117718,810942,True,1,1 5 6 33 35 36 38
2026-05-20,1200000,-1917718,True,1,3 7 11 22 27 31 12
2026-05-24,741890,-458110,False,,12 13 17 18 27 39 42
2026-05-27,1447704,705814,False,,3 26 35 36 43 44 11
2026-05-29,2160122,712418,False,,6 18 20 27 31 35 33
2026-05-31,2954031,793909,False,,5 8 27 31 32 34 3
2026-06-03,4159789,1205758,False,,14 23 32 35 41 45 36
