date,jackpot_eur,jackpot_won,jackpot_winners,source
2017-01-03,25365761,0,,win2day:NN_W2D_STAT_EUML_2017.csv
2017-01-06,37152275,0,,win2day:NN_W2D_STAT_EUML_2017.csv
2017-01-10,46366060,0,,win2day:NN_W2D_STAT_EUML_2017.csv
2017-01-13,61704972,0,,win2day:NN_W2D_STAT_EUML_2017.csv
2017-01-17,72166973,0,,win2day:NN_W2D_STAT_EUML_2017.csv
2017-01-20,81343945,0,,win2day:NN_W2D_STAT_EUML_2017.csv
2017-01-24,88587275,1,1,win2day:NN_W2D_STAT_EUML_2017.csv
2017-01-27,17000000,0,,win2day:NN_W2D_STAT_EUML_2017.csv
2017-01-31,25880509,1,1,win2day:NN_W2D_STAT_EUML_2017.csv
2017-02-03,17000000,0,,win2day:NN_W2D_STAT_EUML_2017.csv
2017-02-07,25508738,0,,win2day:NN_W2D_STAT_EUML_2017.csv
2017-02-10,37780526,0,,win2day:NN_W2D_STAT_EUML_2017.csv
2017-02-14,23570709,1,2,win2day:NN_W2D_STAT_EUML_2017.csv
2017-02-17,17000000,1,1,win2day:NN_W2D_STAT_EUML_2017.csv
2017-02-21,17000000,0,,win2day:NN_W2D_STAT_EUML_2017.csv
2017-02-24,28811184,0,,win2day:NN_W2D_STAT_EUML_2017.csv
2017-02-28,37350465,0,,win2day:NN_W2D_STAT_EUML_2017.csv
2017-03-03,50129162,0,,win2day:NN_W2D_STAT_EUML_2017.csv
2017-03-07,59887734,0,,win2day:NN_W2D_STAT_EUML_2017.csv
2017-03-10,73878559,0,,win2day:NN_W2D_STAT_EUML_2017.csv
2017-03-14,80571199,1,1,win2day:NN_W2D_STAT_EUML_2017.csv
2017-03-17,17000000,0,,win2day:NN_W2D_STAT_EUML_2017.csv
2017-03-21,25165271,0,,win2day:NN_W2D_STAT_EUML_2017.csv
2017-03-24,36870612,0,,win2day:NN_W2D_STAT_EUML_2017.csv
2017-03-28,45620295,0,,win2day:NN_W2D_STAT_EUML_2017.csv
2017-03-31,58432785,0,,win2day:NN_W2D_STAT_EUML_2017.csv
2017-04-04,68205609,0,,win2day:NN_W2D_STAT_EUML_2017.csv
2017-04-07,76652439,0,,win2day:NN_W2D_STAT_EUML_2017.csv
2017-04-11,83397527,1,1,win2day:NN_W2D_STAT_EUML_2017.csv
2017-04-14,17000000,0,,win2day:NN_W2D_STAT_EUML_2017.csv
2017-04-18,24655351,0,,win2day:NN_W2D_STAT_EUML_2017.csv
2017-04-21,36047523,0,,win2day:NN_W2D_STAT_EUML_2017.csv
2017-04-25,44628596,0,,win2day:NN_W2D_STAT_EUML_2017.csv
2017-04-28,57367995,0,,win2day:NN_W2D_STAT_EUML_2017.csv
2017-05-02,66014926,0,,win2day:NN_W2D_STAT_EUML_2017.csv
2017-05-05,74483969,0,,win2day:NN_W2D_STAT_EUML_2017.csv
2017-05-09,81075587,0,,win2day:NN_W2D_STAT_EUML_2017.csv
2017-05-12,90507120,0,,win2day:NN_W2D_STAT_EUML_2017.csv
2017-05-16,98136932,0,,win2day:NN_W2D_STAT_EUML_2017.csv
2017-05-19,109192063,0,,win2day:NN_W2D_STAT_EUML_2017.csv
2017-05-23,118337309,0,,win2day:NN_W2D_STAT_EUML_2017.csv
2017-05-26,130028601,0,,win2day:NN_W2D_STAT_EUML_2017.csv
2017-05-30,139962741,0,,win2day:NN_W2D_STAT_EUML_2017.csv
2017-06-02,153873716,1,1,win2day:NN_W2D_STAT_EUML_2017.csv
2017-06-06,17000000,0,,win2day:NN_W2D_STAT_EUML_2017.csv
2017-06-09,29190553,0,,win2day:NN_W2D_STAT_EUML_2017.csv
2017-06-13,38110538,0,,win2day:NN_W2D_STAT_EUML_2017.csv
2017-06-16,50405630,0,,win2day:NN_W2D_STAT_EUML_2017.csv
2017-06-20,59644334,0,,win2day:NN_W2D_STAT_EUML_2017.csv
2017-06-23,72762689,0,,win2day:NN_W2D_STAT_EUML_2017.csv
2017-06-27,79203977,0,,win2day:NN_W2D_STAT_EUML_2017.csv
2017-06-30,100000000,1,1,win2day:NN_W2D_STAT_EUML_2017.csv
2017-07-04,17000000,0,,win2day:NN_W2D_STAT_EUML_2017.csv
2017-07-07,28975630,1,1,win2day:NN_W2D_STAT_EUML_2017.csv
2017-07-11,17000000,1,1,win2day:NN_W2D_STAT_EUML_2017.csv
2017-07-14,17000000,0,,win2day:NN_W2D_STAT_EUML_2017.csv
2017-07-18,25104935,0,,win2day:NN_W2D_STAT_EUML_2017.csv
2017-07-21,36567350,0,,win2day:NN_W2D_STAT_EUML_2017.csv
2017-07-25,45205505,0,,win2day:NN_W2D_STAT_EUML_2017.csv
2017-07-28,57871110,1,1,win2day:NN_W2D_STAT_EUML_2017.csv
2017-08-01,17000000,0,,win2day:NN_W2D_STAT_EUML_2017.csv
2017-08-04,28246596,0,,win2day:NN_W2D_STAT_EUML_2017.csv
2017-08-08,36563144,1,1,win2day:NN_W2D_STAT_EUML_2017.csv
2017-08-11,17000000,0,,win2day:NN_W2D_STAT_EUML_2017.csv
2017-08-15,24238048,0,,win2day:NN_W2D_STAT_EUML_2017.csv
2017-08-18,35595610,0,,win2day:NN_W2D_STAT_EUML_2017.csv
2017-08-22,44105265,1,1,win2day:NN_W2D_STAT_EUML_2017.csv
2017-08-25,17000000,1,1,win2day:NN_W2D_STAT_EUML_2017.csv
2017-08-29,17000000,0,,win2day:NN_W2D_STAT_EUML_2017.csv
2017-09-01,28287321,1,1,win2day:NN_W2D_STAT_EUML_2017.csv
2017-09-05,17000000,0,,win2day:NN_W2D_STAT_EUML_2017.csv
2017-09-08,28504963,0,,win2day:NN_W2D_STAT_EUML_2017.csv
2017-09-12,37430146,0,,win2day:NN_W2D_STAT_EUML_2017.csv
2017-09-15,130000000,0,,win2day:NN_W2D_STAT_EUML_2017.csv
2017-09-19,139531727,0,,win2day:NN_W2D_STAT_EUML_2017.csv
2017-09-22,152701510,0,,win2day:NN_W2D_STAT_EUML_2017.csv
2017-09-26,163620565,0,,win2day:NN_W2D_STAT_EUML_2017.csv
2017-09-29,178941891,0,,win2day:NN_W2D_STAT_EUML_2017.csv
2017-10-03,190000000,0,,win2day:NN_W2D_STAT_EUML_2017.csv
2017-10-06,190000000,1,1,win2day:NN_W2D_STAT_EUML_2017.csv
2017-10-10,17000000,0,,win2day:NN_W2D_STAT_EUML_2017.csv
2017-10-13,33140110,0,,win2day:NN_W2D_STAT_EUML_2017.csv
2017-10-17,42395360,0,,win2day:NN_W2D_STAT_EUML_2017.csv
2017-10-20,55649983,0,,win2day:NN_W2D_STAT_EUML_2017.csv
2017-10-24,65407072,1,1,win2day:NN_W2D_STAT_EUML_2017.csv
2017-10-27,17000000,1,1,win2day:NN_W2D_STAT_EUML_2017.csv
2017-10-31,17000000,0,,win2day:NN_W2D_STAT_EUML_2017.csv
2017-11-03,28709464,1,1,win2day:NN_W2D_STAT_EUML_2017.csv
2017-11-07,17000000,0,,win2day:NN_W2D_STAT_EUML_2017.csv
2017-11-10,29800637,0,,win2day:NN_W2D_STAT_EUML_2017.csv
2017-11-14,38477170,0,,win2day:NN_W2D_STAT_EUML_2017.csv
2017-11-17,51634093,0,,win2day:NN_W2D_STAT_EUML_2017.csv
2017-11-21,61046362,0,,win2day:NN_W2D_STAT_EUML_2017.csv
2017-11-24,74515266,0,,win2day:NN_W2D_STAT_EUML_2017.csv
2017-11-28,80976656,0,,win2day:NN_W2D_STAT_EUML_2017.csv
2017-12-01,90060313,0,,win2day:NN_W2D_STAT_EUML_2017.csv
2017-12-05,97420824,0,,win2day:NN_W2D_STAT_EUML_2017.csv
2017-12-08,107213098,0,,win2day:NN_W2D_STAT_EUML_2017.csv
2017-12-12,115458908,0,,win2day:NN_W2D_STAT_EUML_2017.csv
2017-12-15,126429054,0,,win2day:NN_W2D_STAT_EUML_2017.csv
2017-12-19,135346147,1,1,win2day:NN_W2D_STAT_EUML_2017.csv
2017-12-22,17000000,0,,win2day:NN_W2D_STAT_EUML_2017.csv
2017-12-26,24717287,0,,win2day:NN_W2D_STAT_EUML_2017.csv
2017-12-29,38906715,1,1,win2day:NN_W2D_STAT_EUML_2017.csv
2018-01-02,17000000,0,,win2day:NN_W2D_STAT_EUML_2018.csv
2018-01-05,28911186,0,,win2day:NN_W2D_STAT_EUML_2018.csv
2018-01-09,37933939,0,,win2day:NN_W2D_STAT_EUML_2018.csv
2018-01-12,51154443,0,,win2day:NN_W2D_STAT_EUML_2018.csv
2018-01-16,61162040,0,,win2day:NN_W2D_STAT_EUML_2018.csv
2018-01-19,75062595,0,,win2day:NN_W2D_STAT_EUML_2018.csv
2018-01-23,81794527,0,,win2day:NN_W2D_STAT_EUML_2018.csv
2018-01-26,91021687,0,,win2day:NN_W2D_STAT_EUML_2018.csv
2018-01-30,98248326,0,,win2day:NN_W2D_STAT_EUML_2018.csv
2018-02-02,108738580,0,,win2day:NN_W2D_STAT_EUML_2018.csv
2018-02-06,117593590,0,,win2day:NN_W2D_STAT_EUML_2018.csv
2018-02-09,129291731,0,,win2day:NN_W2D_STAT_EUML_2018.csv
2018-02-13,138421493,0,,win2day:NN_W2D_STAT_EUML_2018.csv
2018-02-16,150559073,0,,win2day:NN_W2D_STAT_EUML_2018.csv
2018-02-20,161121639,0,,win2day:NN_W2D_STAT_EUML_2018.csv
2018-02-23,88862248,1,2,win2day:NN_W2D_STAT_EUML_2018.csv
2018-02-27,17000000,0,,win2day:NN_W2D_STAT_EUML_2018.csv
2018-03-02,29164810,0,,win2day:NN_W2D_STAT_EUML_2018.csv
2018-03-06,38461488,0,,win2day:NN_W2D_STAT_EUML_2018.csv
2018-03-09,51518629,0,,win2day:NN_W2D_STAT_EUML_2018.csv
2018-03-13,61521581,1,1,win2day:NN_W2D_STAT_EUML_2018.csv
2018-03-16,17000000,0,,win2day:NN_W2D_STAT_EUML_2018.csv
2018-03-20,25434576,0,,win2day:NN_W2D_STAT_EUML_2018.csv
2018-03-23,37457697,0,,win2day:NN_W2D_STAT_EUML_2018.csv
2018-03-27,46327391,0,,win2day:NN_W2D_STAT_EUML_2018.csv
2018-03-30,58701124,0,,win2day:NN_W2D_STAT_EUML_2018.csv
2018-04-03,67723106,0,,win2day:NN_W2D_STAT_EUML_2018.csv
2018-04-06,76119641,1,1,win2day:NN_W2D_STAT_EUML_2018.csv
2018-04-10,17000000,1,1,win2day:NN_W2D_STAT_EUML_2018.csv
2018-04-13,17000000,0,,win2day:NN_W2D_STAT_EUML_2018.csv
2018-04-17,25723280,0,,win2day:NN_W2D_STAT_EUML_2018.csv
2018-04-20,130000000,0,,win2day:NN_W2D_STAT_EUML_2018.csv
2018-04-24,138724202,1,1,win2day:NN_W2D_STAT_EUML_2018.csv
2018-04-27,17000000,0,,win2day:NN_W2D_STAT_EUML_2018.csv
2018-05-01,24728361,0,,win2day:NN_W2D_STAT_EUML_2018.csv
2018-05-04,36945285,0,,win2day:NN_W2D_STAT_EUML_2018.csv
2018-05-08,45566998,1,1,win2day:NN_W2D_STAT_EUML_2018.csv
2018-05-11,17000000,0,,win2day:NN_W2D_STAT_EUML_2018.csv
2018-05-15,25146150,0,,win2day:NN_W2D_STAT_EUML_2018.csv
2018-05-18,36663314,0,,win2day:NN_W2D_STAT_EUML_2018.csv
2018-05-22,44872307,0,,win2day:NN_W2D_STAT_EUML_2018.csv
2018-05-25,57140616,0,,win2day:NN_W2D_STAT_EUML_2018.csv
2018-05-29,66136266,0,,win2day:NN_W2D_STAT_EUML_2018.csv
2018-06-01,37145179,1,2,win2day:NN_W2D_STAT_EUML_2018.csv
2018-06-05,17000000,1,1,win2day:NN_W2D_STAT_EUML_2018.csv
2018-06-08,17000000,1,1,win2day:NN_W2D_STAT_EUML_2018.csv
2018-06-12,17000000,0,,win2day:NN_W2D_STAT_EUML_2018.csv
2018-06-15,28072726,0,,win2day:NN_W2D_STAT_EUML_2018.csv
2018-06-19,36158964,1,1,win2day:NN_W2D_STAT_EUML_2018.csv
2018-06-22,17000000,0,,win2day:NN_W2D_STAT_EUML_2018.csv
2018-06-26,24657714,0,,win2day:NN_W2D_STAT_EUML_2018.csv
2018-06-29,35759659,0,,win2day:NN_W2D_STAT_EUML_2018.csv
2018-07-03,44211418,0,,win2day:NN_W2D_STAT_EUML_2018.csv
2018-07-06,56241096,0,,win2day:NN_W2D_STAT_EUML_2018.csv
2018-07-10,65538512,1,1,win2day:NN_W2D_STAT_EUML_2018.csv
2018-07-13,17000000,1,1,win2day:NN_W2D_STAT_EUML_2018.csv
2018-07-17,17000000,0,,win2day:NN_W2D_STAT_EUML_2018.csv
2018-07-20,27914266,0,,win2day:NN_W2D_STAT_EUML_2018.csv
2018-07-24,35993506,0,,win2day:NN_W2D_STAT_EUML_2018.csv
2018-07-27,47636023,0,,win2day:NN_W2D_STAT_EUML_2018.csv
2018-07-31,56774958,0,,win2day:NN_W2D_STAT_EUML_2018.csv
2018-08-03,69369394,0,,win2day:NN_W2D_STAT_EUML_2018.csv
2018-08-07,75479227,0,,win2day:NN_W2D_STAT_EUML_2018.csv
2018-08-10,83831487,0,,win2day:NN_W2D_STAT_EUML_2018.csv
2018-08-14,90786197,0,,win2day:NN_W2D_STAT_EUML_2018.csv
2018-08-17,99896146,0,,win2day:NN_W2D_STAT_EUML_2018.csv
2018-08-21,107839228,1,1,win2day:NN_W2D_STAT_EUML_2018.csv
2018-08-24,17000000,0,,win2day:NN_W2D_STAT_EUML_2018.csv
2018-08-28,25031511,0,,win2day:NN_W2D_STAT_EUML_2018.csv
2018-08-31,36535986,0,,win2day:NN_W2D_STAT_EUML_2018.csv
2018-09-04,45447459,1,1,win2day:NN_W2D_STAT_EUML_2018.csv
2018-09-07,17000000,0,,win2day:NN_W2D_STAT_EUML_2018.csv
2018-09-11,25114954,0,,win2day:NN_W2D_STAT_EUML_2018.csv
2018-09-14,36785880,0,,win2day:NN_W2D_STAT_EUML_2018.csv
2018-09-18,45748294,0,,win2day:NN_W2D_STAT_EUML_2018.csv
2018-09-21,130000000,0,,win2day:NN_W2D_STAT_EUML_2018.csv
2018-09-25,139272149,0,,win2day:NN_W2D_STAT_EUML_2018.csv
2018-09-28,151876471,0,,win2day:NN_W2D_STAT_EUML_2018.csv
2018-10-02,162403002,1,1,win2day:NN_W2D_STAT_EUML_2018.csv
2018-10-05,17000000,1,1,win2day:NN_W2D_STAT_EUML_2018.csv
2018-10-09,17000000,0,,win2day:NN_W2D_STAT_EUML_2018.csv
2018-10-12,28511487,0,,win2day:NN_W2D_STAT_EUML_2018.csv
2018-10-16,37140191,0,,win2day:NN_W2D_STAT_EUML_2018.csv
2018-10-19,49434482,0,,win2day:NN_W2D_STAT_EUML_2018.csv
2018-10-23,58925021,0,,win2day:NN_W2D_STAT_EUML_2018.csv
2018-10-26,72210652,0,,win2day:NN_W2D_STAT_EUML_2018.csv
2018-10-30,78587093,0,,win2day:NN_W2D_STAT_EUML_2018.csv
2018-11-02,87021202,1,1,win2day:NN_W2D_STAT_EUML_2018.csv
2018-11-06,17000000,0,,win2day:NN_W2D_STAT_EUML_2018.csv
2018-11-09,29387682,0,,win2day:NN_W2D_STAT_EUML_2018.csv
2018-11-13,38112925,0,,win2day:NN_W2D_STAT_EUML_2018.csv
2018-11-16,50340148,1,1,win2day:NN_W2D_STAT_EUML_2018.csv
2018-11-20,17000000,0,,win2day:NN_W2D_STAT_EUML_2018.csv
2018-11-23,28078912,0,,win2day:NN_W2D_STAT_EUML_2018.csv
2018-11-27,36531327,0,,win2day:NN_W2D_STAT_EUML_2018.csv
2018-11-30,48850310,0,,win2day:NN_W2D_STAT_EUML_2018.csv
2018-12-04,58045708,0,,win2day:NN_W2D_STAT_EUML_2018.csv
2018-12-07,70885901,0,,win2day:NN_W2D_STAT_EUML_2018.csv
2018-12-11,77047464,0,,win2day:NN_W2D_STAT_EUML_2018.csv
2018-12-14,85503050,0,,win2day:NN_W2D_STAT_EUML_2018.csv
2018-12-18,92347677,0,,win2day:NN_W2D_STAT_EUML_2018.csv
2018-12-21,102382992,0,,win2day:NN_W2D_STAT_EUML_2018.csv
2018-12-25,109785345,0,,win2day:NN_W2D_STAT_EUML_2018.csv
2018-12-28,120363453,0,,win2day:NN_W2D_STAT_EUML_2018.csv
2019-01-01,129645665,1,1,win2day:NN_W2D_STAT_EUML_2019.csv
2019-01-04,17000000,0,,win2day:NN_W2D_STAT_EUML_2019.csv
2019-01-08,25825450,0,,win2day:NN_W2D_STAT_EUML_2019.csv
2019-01-11,38040647,0,,win2day:NN_W2D_STAT_EUML_2019.csv
2019-01-15,47436060,0,,win2day:NN_W2D_STAT_EUML_2019.csv
2019-01-18,60264631,0,,win2day:NN_W2D_STAT_EUML_2019.csv
2019-01-22,70256483,0,,win2day:NN_W2D_STAT_EUML_2019.csv
2019-01-25,78799794,0,,win2day:NN_W2D_STAT_EUML_2019.csv
2019-01-29,85646001,0,,win2day:NN_W2D_STAT_EUML_2019.csv
2019-02-01,120000000,0,,win2day:NN_W2D_STAT_EUML_2019.csv
2019-02-05,129262875,0,,win2day:NN_W2D_STAT_EUML_2019.csv
2019-02-08,141607620,0,,win2day:NN_W2D_STAT_EUML_2019.csv
2019-02-12,151629097,0,,win2day:NN_W2D_STAT_EUML_2019.csv
2019-02-15,164624364,0,,win2day:NN_W2D_STAT_EUML_2019.csv
2019-02-19,175475380,1,1,win2day:NN_W2D_STAT_EUML_2019.csv
2019-02-22,17000000,0,,win2day:NN_W2D_STAT_EUML_2019.csv
2019-02-26,25879456,0,,win2day:NN_W2D_STAT_EUML_2019.csv
2019-03-01,40737694,0,,win2day:NN_W2D_STAT_EUML_2019.csv
2019-03-05,50394785,0,,win2day:NN_W2D_STAT_EUML_2019.csv
2019-03-08,63920702,0,,win2day:NN_W2D_STAT_EUML_2019.csv
2019-03-12,74349024,0,,win2day:NN_W2D_STAT_EUML_2019.csv
2019-03-15,83410540,1,1,win2day:NN_W2D_STAT_EUML_2019.csv
2019-03-19,17000000,0,,win2day:NN_W2D_STAT_EUML_2019.csv
2019-03-22,28719144,0,,win2day:NN_W2D_STAT_EUML_2019.csv
2019-03-26,37479114,0,,win2day:NN_W2D_STAT_EUML_2019.csv
2019-03-29,49918766,0,,win2day:NN_W2D_STAT_EUML_2019.csv
2019-04-02,59503554,0,,win2day:NN_W2D_STAT_EUML_2019.csv
2019-04-05,72846386,0,,win2day:NN_W2D_STAT_EUML_2019.csv
2019-04-09,79149373,1,1,win2day:NN_W2D_STAT_EUML_2019.csv
2019-04-12,17000000,0,,win2day:NN_W2D_STAT_EUML_2019.csv
2019-04-16,25270376,0,,win2day:NN_W2D_STAT_EUML_2019.csv
2019-04-19,36104655,0,,win2day:NN_W2D_STAT_EUML_2019.csv
2019-04-23,44153561,1,1,win2day:NN_W2D_STAT_EUML_2019.csv
2019-04-26,17000000,0,,win2day:NN_W2D_STAT_EUML_2019.csv
2019-04-30,25326022,1,1,win2day:NN_W2D_STAT_EUML_2019.csv
2019-05-03,17000000,0,,win2day:NN_W2D_STAT_EUML_2019.csv
2019-05-07,25024461,1,1,win2day:NN_W2D_STAT_EUML_2019.csv
2019-05-10,17000000,0,,win2day:NN_W2D_STAT_EUML_2019.csv
2019-05-14,24956871,0,,win2day:NN_W2D_STAT_EUML_2019.csv
2019-05-17,36088260,0,,win2day:NN_W2D_STAT_EUML_2019.csv
2019-05-21,44599322,0,,win2day:NN_W2D_STAT_EUML_2019.csv
2019-05-24,56397247,0,,win2day:NN_W2D_STAT_EUML_2019.csv
2019-05-28,32676834,1,2,win2day:NN_W2D_STAT_EUML_2019.csv
2019-05-31,17000000,0,,win2day:NN_W2D_STAT_EUML_2019.csv
2019-06-04,25380125,0,,win2day:NN_W2D_STAT_EUML_2019.csv
2019-06-07,130000000,0,,win2day:NN_W2D_STAT_EUML_2019.csv
2019-06-11,138716863,1,1,win2day:NN_W2D_STAT_EUML_2019.csv
2019-06-14,17000000,0,,win2day:NN_W2D_STAT_EUML_2019.csv
2019-06-18,25307672,0,,win2day:NN_W2D_STAT_EUML_2019.csv
2019-06-21,36686125,0,,win2day:NN_W2D_STAT_EUML_2019.csv
2019-06-25,45289916,0,,win2day:NN_W2D_STAT_EUML_2019.csv
2019-06-28,57532742,0,,win2day:NN_W2D_STAT_EUML_2019.csv
2019-07-02,67120222,0,,win2day:NN_W2D_STAT_EUML_2019.csv
2019-07-05,75229368,0,,win2day:NN_W2D_STAT_EUML_2019.csv
2019-07-09,81747156,0,,win2day:NN_W2D_STAT_EUML_2019.csv
2019-07-12,90471737,0,,win2day:NN_W2D_STAT_EUML_2019.csv
2019-07-16,97518038,0,,win2day:NN_W2D_STAT_EUML_2019.csv
2019-07-19,107683454,1,1,win2day:NN_W2D_STAT_EUML_2019.csv
2019-07-23,17000000,0,,win2day:NN_W2D_STAT_EUML_2019.csv
2019-07-26,27844949,0,,win2day:NN_W2D_STAT_EUML_2019.csv
2019-07-30,36345089,0,,win2day:NN_W2D_STAT_EUML_2019.csv
2019-08-02,48088963,0,,win2day:NN_W2D_STAT_EUML_2019.csv
2019-08-06,57394563,0,,win2day:NN_W2D_STAT_EUML_2019.csv
2019-08-09,70120307,0,,win2day:NN_W2D_STAT_EUML_2019.csv
2019-08-13,76458286,0,,win2day:NN_W2D_STAT_EUML_2019.csv
2019-08-16,84510207,0,,win2day:NN_W2D_STAT_EUML_2019.csv
2019-08-20,91270046,0,,win2day:NN_W2D_STAT_EUML_2019.csv
2019-08-23,100840608,0,,win2day:NN_W2D_STAT_EUML_2019.csv
2019-08-27,108433046,0,,win2day:NN_W2D_STAT_EUML_2019.csv
2019-08-30,119176432,0,,win2day:NN_W2D_STAT_EUML_2019.csv
2019-09-03,128170100,0,,win2day:NN_W2D_STAT_EUML_2019.csv
2019-09-06,139970282,0,,win2day:NN_W2D_STAT_EUML_2019.csv
2019-09-10,149857026,0,,win2day:NN_W2D_STAT_EUML_2019.csv
2019-09-13,164055006,0,,win2day:NN_W2D_STAT_EUML_2019.csv
2019-09-17,175143428,0,,win2day:NN_W2D_STAT_EUML_2019.csv
2019-09-20,189603734,0,,win2day:NN_W2D_STAT_EUML_2019.csv
2019-09-24,190000000,0,,win2day:NN_W2D_STAT_EUML_2019.csv
2019-09-27,190000000,0,,win2day:NN_W2D_STAT_EUML_2019.csv
2019-10-01,190000000,0,,win2day:NN_W2D_STAT_EUML_2019.csv
2019-10-04,190000000,0,,win2day:NN_W2D_STAT_EUML_2019.csv
2019-10-08,190000000,1,1,win2day:NN_W2D_STAT_EUML_2019.csv
2019-10-11,17000000,0,,win2day:NN_W2D_STAT_EUML_2019.csv
2019-10-15,26357630,0,,win2day:NN_W2D_STAT_EUML_2019.csv
2019-10-18,38860930,0,,win2day:NN_W2D_STAT_EUML_2019.csv
2019-10-22,48515733,0,,win2day:NN_W2D_STAT_EUML_2019.csv
2019-10-25,61669531,0,,win2day:NN_W2D_STAT_EUML_2019.csv
2019-10-29,72065538,0,,win2day:NN_W2D_STAT_EUML_2019.csv
2019-11-01,80266471,0,,win2day:NN_W2D_STAT_EUML_2019.csv
2019-11-05,87082432,0,,win2day:NN_W2D_STAT_EUML_2019.csv
2019-11-08,97372165,0,,win2day:NN_W2D_STAT_EUML_2019.csv
2019-11-12,104800336,0,,win2day:NN_W2D_STAT_EUML_2019.csv
2019-11-15,114675404,0,,win2day:NN_W2D_STAT_EUML_2019.csv
2019-11-19,122766852,1,1,win2day:NN_W2D_STAT_EUML_2019.csv
2019-11-22,17000000,0,,win2day:NN_W2D_STAT_EUML_2019.csv
2019-11-26,25884844,0,,win2day:NN_W2D_STAT_EUML_2019.csv
2019-11-29,38399547,0,,win2day:NN_W2D_STAT_EUML_2019.csv
2019-12-03,48061132,1,1,win2day:NN_W2D_STAT_EUML_2019.csv
2019-12-06,17000000,0,,win2day:NN_W2D_STAT_EUML_2019.csv
2019-12-10,25800035,0,,win2day:NN_W2D_STAT_EUML_2019.csv
2019-12-13,39409787,0,,win2day:NN_W2D_STAT_EUML_2019.csv
2019-12-17,48949099,1,1,win2day:NN_W2D_STAT_EUML_2019.csv
2019-12-20,17000000,0,,win2day:NN_W2D_STAT_EUML_2019.csv
2019-12-24,27481033,0,,win2day:NN_W2D_STAT_EUML_2019.csv
2019-12-27,38682869,0,,win2day:NN_W2D_STAT_EUML_2019.csv
2019-12-31,52720344,0,,win2day:NN_W2D_STAT_EUML_2019.csv
2020-01-03,64992459,0,,win2day:NN_W2D_STAT_EUML_2020.csv
2020-01-07,75337663,0,,win2day:NN_W2D_STAT_EUML_2020.csv
2020-01-10,84145911,0,,win2day:NN_W2D_STAT_EUML_2020.csv
2020-01-14,91228643,0,,win2day:NN_W2D_STAT_EUML_2020.csv
2020-01-17,100779289,1,1,win2day:NN_W2D_STAT_EUML_2020.csv
2020-01-21,17000000,0,,win2day:NN_W2D_STAT_EUML_2020.csv
2020-01-24,28601720,1,1,win2day:NN_W2D_STAT_EUML_2020.csv
2020-01-28,17000000,0,,win2day:NN_W2D_STAT_EUML_2020.csv
2020-01-31,28934314,0,,win2day:NN_W2D_STAT_EUML_2020.csv
2020-02-04,40857417,0,,win2day:NN_W2D_STAT_EUML_2020.csv
2020-02-07,130000000,1,1,win2day:NN_W2D_STAT_EUML_2020.csv
2020-02-11,17000000,1,1,win2day:NN_W2D_STAT_EUML_2020.csv
2020-02-14,17000000,0,,win2day:NN_W2D_STAT_EUML_2020.csv
2020-02-18,27039365,0,,win2day:NN_W2D_STAT_EUML_2020.csv
2020-02-21,41085849,0,,win2day:NN_W2D_STAT_EUML_2020.csv
2020-02-25,51940005,0,,win2day:NN_W2D_STAT_EUML_2020.csv
2020-02-28,67084644,1,1,win2day:NN_W2D_STAT_EUML_2020.csv
2020-03-03,17000000,0,,win2day:NN_W2D_STAT_EUML_2020.csv
2020-03-06,30399604,0,,win2day:NN_W2D_STAT_EUML_2020.csv
2020-03-10,40555592,0,,win2day:NN_W2D_STAT_EUML_2020.csv
2020-03-13,55850378,0,,win2day:NN_W2D_STAT_EUML_2020.csv
2020-03-17,63600033,1,1,win2day:NN_W2D_STAT_EUML_2020.csv
2020-03-20,17000000,1,1,win2day:NN_W2D_STAT_EUML_2020.csv
2020-03-24,17000000,0,,win2day:NN_W2D_STAT_EUML_2020.csv
2020-03-27,24704306,0,,win2day:NN_W2D_STAT_EUML_2020.csv
2020-03-31,30777245,0,,win2day:NN_W2D_STAT_EUML_2020.csv
2020-04-03,39141319,0,,win2day:NN_W2D_STAT_EUML_2020.csv
2020-04-07,45796214,0,,win2day:NN_W2D_STAT_EUML_2020.csv
2020-04-10,53434751,0,,win2day:NN_W2D_STAT_EUML_2020.csv
2020-04-14,59184724,0,,win2day:NN_W2D_STAT_EUML_2020.csv
2020-04-17,67188313,1,1,win2day:NN_W2D_STAT_EUML_2020.csv
2020-04-21,17000000,0,,win2day:NN_W2D_STAT_EUML_2020.csv
2020-04-24,25497940,0,,win2day:NN_W2D_STAT_EUML_2020.csv
2020-04-28,32299011,0,,win2day:NN_W2D_STAT_EUML_2020.csv
2020-05-01,41201740,0,,win2day:NN_W2D_STAT_EUML_2020.csv
2020-05-05,48838406,0,,win2day:NN_W2D_STAT_EUML_2020.csv
2020-05-08,57015367,0,,win2day:NN_W2D_STAT_EUML_2020.csv
2020-05-12,63861474,0,,win2day:NN_W2D_STAT_EUML_2020.csv
2020-05-15,72969058,1,1,win2day:NN_W2D_STAT_EUML_2020.csv
2020-05-19,17000000,0,,win2day:NN_W2D_STAT_EUML_2020.csv
2020-05-22,28245445,0,,win2day:NN_W2D_STAT_EUML_2020.csv
2020-05-26,18571740,1,2,win2day:NN_W2D_STAT_EUML_2020.csv
2020-05-29,17000000,1,1,win2day:NN_W2D_STAT_EUML_2020.csv
2020-06-02,17000000,0,,win2day:NN_W2D_STAT_EUML_2020.csv
2020-06-05,29131136,0,,win2day:NN_W2D_STAT_EUML_2020.csv
2020-06-09,38666415,0,,win2day:NN_W2D_STAT_EUML_2020.csv
2020-06-12,51583717,1,1,win2day:NN_W2D_STAT_EUML_2020.csv
2020-06-16,17000000,0,,win2day:NN_W2D_STAT_EUML_2020.csv
2020-06-19,29065638,0,,win2day:NN_W2D_STAT_EUML_2020.csv
2020-06-23,38429545,0,,win2day:NN_W2D_STAT_EUML_2020.csv
2020-06-26,51471751,0,,win2day:NN_W2D_STAT_EUML_2020.csv
2020-06-30,62297693,0,,win2day:NN_W2D_STAT_EUML_2020.csv
2020-07-03,130000000,0,,win2day:NN_W2D_STAT_EUML_2020.csv
2020-07-07,144542315,1,1,win2day:NN_W2D_STAT_EUML_2020.csv
2020-07-10,17000000,0,,win2day:NN_W2D_STAT_EUML_2020.csv
2020-07-14,26440749,0,,win2day:NN_W2D_STAT_EUML_2020.csv
2020-07-17,39348807,0,,win2day:NN_W2D_STAT_EUML_2020.csv
2020-07-21,49564587,1,1,win2day:NN_W2D_STAT_EUML_2020.csv
2020-07-24,17000000,0,,win2day:NN_W2D_STAT_EUML_2020.csv
2020-07-28,26261753,0,,win2day:NN_W2D_STAT_EUML_2020.csv
2020-07-31,38953665,0,,win2day:NN_W2D_STAT_EUML_2020.csv
2020-08-04,49112672,0,,win2day:NN_W2D_STAT_EUML_2020.csv
2020-08-07,64058391,0,,win2day:NN_W2D_STAT_EUML_2020.csv
2020-08-11,73494414,0,,win2day:NN_W2D_STAT_EUML_2020.csv
2020-08-14,86162555,0,,win2day:NN_W2D_STAT_EUML_2020.csv
2020-08-18,96747721,0,,win2day:NN_W2D_STAT_EUML_2020.csv
2020-08-21,111858945,0,,win2day:NN_W2D_STAT_EUML_2020.csv
2020-08-25,125020059,0,,win2day:NN_W2D_STAT_EUML_2020.csv
2020-08-28,142306850,0,,win2day:NN_W2D_STAT_EUML_2020.csv
2020-09-01,157170843,1,1,win2day:NN_W2D_STAT_EUML_2020.csv
2020-09-04,17000000,0,,win2day:NN_W2D_STAT_EUML_2020.csv
2020-09-08,27031839,0,,win2day:NN_W2D_STAT_EUML_2020.csv
2020-09-11,40532810,0,,win2day:NN_W2D_STAT_EUML_2020.csv
2020-09-15,51364534,0,,win2day:NN_W2D_STAT_EUML_2020.csv
2020-09-18,67276034,0,,win2day:NN_W2D_STAT_EUML_2020.csv
2020-09-22,77251356,0,,win2day:NN_W2D_STAT_EUML_2020.csv
2020-09-25,130000000,1,1,win2day:NN_W2D_STAT_EUML_2020.csv
2020-09-29,17000000,0,,win2day:NN_W2D_STAT_EUML_2020.csv
2020-10-02,30627859,1,1,win2day:NN_W2D_STAT_EUML_2020.csv
2020-10-06,17000000,0,,win2day:NN_W2D_STAT_EUML_2020.csv
2020-10-09,30301316,0,,win2day:NN_W2D_STAT_EUML_2020.csv
2020-10-13,40315607,0,,win2day:NN_W2D_STAT_EUML_2020.csv
2020-10-16,54453448,0,,win2day:NN_W2D_STAT_EUML_2020.csv
2020-10-20,65338543,0,,win2day:NN_W2D_STAT_EUML_2020.csv
2020-10-23,77965255,0,,win2day:NN_W2D_STAT_EUML_2020.csv
2020-10-27,87757466,1,1,win2day:NN_W2D_STAT_EUML_2020.csv
2020-10-30,17000000,0,,win2day:NN_W2D_STAT_EUML_2020.csv
2020-11-03,26511570,0,,win2day:NN_W2D_STAT_EUML_2020.csv
2020-11-06,39829739,0,,win2day:NN_W2D_STAT_EUML_2020.csv
2020-11-10,50553654,0,,win2day:NN_W2D_STAT_EUML_2020.csv
2020-11-13,67599949,0,,win2day:NN_W2D_STAT_EUML_2020.csv
2020-11-17,77412811,0,,win2day:NN_W2D_STAT_EUML_2020.csv
2020-11-20,130000000,0,,win2day:NN_W2D_STAT_EUML_2020.csv
2020-11-24,144228545,0,,win2day:NN_W2D_STAT_EUML_2020.csv
2020-11-27,163105526,0,,win2day:NN_W2D_STAT_EUML_2020.csv
2020-12-01,178983729,0,,win2day:NN_W2D_STAT_EUML_2020.csv
2020-12-04,200000000,0,,win2day:NN_W2D_STAT_EUML_2020.csv
2020-12-08,200000000,0,,win2day:NN_W2D_STAT_EUML_2020.csv
2020-12-11,200000000,1,1,win2day:NN_W2D_STAT_EUML_2020.csv
2020-12-15,17000000,0,,win2day:NN_W2D_STAT_EUML_2020.csv
2020-12-18,31733126,0,,win2day:NN_W2D_STAT_EUML_2020.csv
2020-12-22,43704037,1,1,win2day:NN_W2D_STAT_EUML_2020.csv
2020-12-25,17000000,0,,win2day:NN_W2D_STAT_EUML_2020.csv
2020-12-29,28138112,0,,win2day:NN_W2D_STAT_EUML_2020.csv
2021-01-01,44958140,1,1,win2day:NN_W2D_STAT_EUML_2021.csv
2021-01-05,17000000,0,,win2day:NN_W2D_STAT_EUML_2021.csv
2021-01-08,30824040,0,,win2day:NN_W2D_STAT_EUML_2021.csv
2021-01-12,41607178,0,,win2day:NN_W2D_STAT_EUML_2021.csv
2021-01-15,56331898,0,,win2day:NN_W2D_STAT_EUML_2021.csv
2021-01-19,67733807,0,,win2day:NN_W2D_STAT_EUML_2021.csv
2021-01-22,80566353,1,1,win2day:NN_W2D_STAT_EUML_2021.csv
2021-01-26,17000000,0,,win2day:NN_W2D_STAT_EUML_2021.csv
2021-01-29,30681161,0,,win2day:NN_W2D_STAT_EUML_2021.csv
2021-02-02,41721142,0,,win2day:NN_W2D_STAT_EUML_2021.csv
2021-02-05,130000000,0,,win2day:NN_W2D_STAT_EUML_2021.csv
2021-02-09,145042670,0,,win2day:NN_W2D_STAT_EUML_2021.csv
2021-02-12,164677183,0,,win2day:NN_W2D_STAT_EUML_2021.csv
2021-02-16,180847514,0,,win2day:NN_W2D_STAT_EUML_2021.csv
2021-02-19,206564757,0,,win2day:NN_W2D_STAT_EUML_2021.csv
2021-02-23,210000000,0,,win2day:NN_W2D_STAT_EUML_2021.csv
2021-02-26,210000000,1,1,win2day:NN_W2D_STAT_EUML_2021.csv
2021-03-02,17000000,0,,win2day:NN_W2D_STAT_EUML_2021.csv
2021-03-05,32402008,0,,win2day:NN_W2D_STAT_EUML_2021.csv
2021-03-09,44153102,0,,win2day:NN_W2D_STAT_EUML_2021.csv
2021-03-12,60764885,0,,win2day:NN_W2D_STAT_EUML_2021.csv
2021-03-16,73410604,0,,win2day:NN_W2D_STAT_EUML_2021.csv
2021-03-19,87587639,0,,win2day:NN_W2D_STAT_EUML_2021.csv
2021-03-23,99009615,0,,win2day:NN_W2D_STAT_EUML_2021.csv
2021-03-26,115321837,0,,win2day:NN_W2D_STAT_EUML_2021.csv
2021-03-30,128213946,0,,win2day:NN_W2D_STAT_EUML_2021.csv
2021-04-02,144755907,1,1,win2day:NN_W2D_STAT_EUML_2021.csv
2021-04-06,17000000,0,,win2day:NN_W2D_STAT_EUML_2021.csv
2021-04-09,31216341,0,,win2day:NN_W2D_STAT_EUML_2021.csv
2021-04-13,42155143,0,,win2day:NN_W2D_STAT_EUML_2021.csv
2021-04-16,56913174,0,,win2day:NN_W2D_STAT_EUML_2021.csv
2021-04-20,68414615,1,1,win2day:NN_W2D_STAT_EUML_2021.csv
2021-04-23,17000000,0,,win2day:NN_W2D_STAT_EUML_2021.csv
2021-04-27,27232270,0,,win2day:NN_W2D_STAT_EUML_2021.csv
2021-04-30,43409686,0,,win2day:NN_W2D_STAT_EUML_2021.csv
2021-05-04,54222329,0,,win2day:NN_W2D_STAT_EUML_2021.csv
2021-05-07,69463976,1,1,win2day:NN_W2D_STAT_EUML_2021.csv
2021-05-11,17000000,0,,win2day:NN_W2D_STAT_EUML_2021.csv
2021-05-14,30241215,0,,win2day:NN_W2D_STAT_EUML_2021.csv
2021-05-18,40625088,0,,win2day:NN_W2D_STAT_EUML_2021.csv
2021-05-21,54934279,0,,win2day:NN_W2D_STAT_EUML_2021.csv
2021-05-25,65838495,0,,win2day:NN_W2D_STAT_EUML_2021.csv
2021-05-28,78620802,0,,win2day:NN_W2D_STAT_EUML_2021.csv
2021-06-01,88760287,0,,win2day:NN_W2D_STAT_EUML_2021.csv
2021-06-04,130000000,1,1,win2day:NN_W2D_STAT_EUML_2021.csv
2021-06-08,17000000,0,,win2day:NN_W2D_STAT_EUML_2021.csv
2021-06-11,30382655,1,1,win2day:NN_W2D_STAT_EUML_2021.csv
2021-06-15,17000000,0,,win2day:NN_W2D_STAT_EUML_2021.csv
2021-06-18,29998047,0,,win2day:NN_W2D_STAT_EUML_2021.csv
2021-06-22,39918303,0,,win2day:NN_W2D_STAT_EUML_2021.csv
2021-06-25,53683593,0,,win2day:NN_W2D_STAT_EUML_2021.csv
2021-06-29,64340127,0,,win2day:NN_W2D_STAT_EUML_2021.csv
2021-07-02,77959528,1,1,win2day:NN_W2D_STAT_EUML_2021.csv
2021-07-06,17000000,1,1,win2day:NN_W2D_STAT_EUML_2021.csv
2021-07-09,17000000,0,,win2day:NN_W2D_STAT_EUML_2021.csv
2021-07-13,26482986,1,1,win2day:NN_W2D_STAT_EUML_2021.csv
2021-07-16,17000000,0,,win2day:NN_W2D_STAT_EUML_2021.csv
2021-07-20,26211195,0,,win2day:NN_W2D_STAT_EUML_2021.csv
2021-07-23,38825769,0,,win2day:NN_W2D_STAT_EUML_2021.csv
2021-07-27,48844837,0,,win2day:NN_W2D_STAT_EUML_2021.csv
2021-07-30,62793085,0,,win2day:NN_W2D_STAT_EUML_2021.csv
2021-08-03,72123753,0,,win2day:NN_W2D_STAT_EUML_2021.csv
2021-08-06,84880433,0,,win2day:NN_W2D_STAT_EUML_2021.csv
2021-08-10,95302087,0,,win2day:NN_W2D_STAT_EUML_2021.csv
2021-08-13,113156128,1,1,win2day:NN_W2D_STAT_EUML_2021.csv
2021-08-17,17000000,0,,win2day:NN_W2D_STAT_EUML_2021.csv
2021-08-20,29593863,0,,win2day:NN_W2D_STAT_EUML_2021.csv
2021-08-24,39413482,0,,win2day:NN_W2D_STAT_EUML_2021.csv
2021-08-27,53070090,0,,win2day:NN_W2D_STAT_EUML_2021.csv
2021-08-31,21214762,1,3,win2day:NN_W2D_STAT_EUML_2021.csv
2021-09-03,17000000,0,,win2day:NN_W2D_STAT_EUML_2021.csv
2021-09-07,26572332,1,1,win2day:NN_W2D_STAT_EUML_2021.csv
2021-09-10,17000000,0,,win2day:NN_W2D_STAT_EUML_2021.csv
2021-09-14,26452496,0,,win2day:NN_W2D_STAT_EUML_2021.csv
2021-09-17,39791600,0,,win2day:NN_W2D_STAT_EUML_2021.csv
2021-09-21,50322999,0,,win2day:NN_W2D_STAT_EUML_2021.csv
2021-09-24,130000000,0,,win2day:NN_W2D_STAT_EUML_2021.csv
2021-09-28,144513198,0,,win2day:NN_W2D_STAT_EUML_2021.csv
2021-10-01,164139268,0,,win2day:NN_W2D_STAT_EUML_2021.csv
2021-10-05,180775500,0,,win2day:NN_W2D_STAT_EUML_2021.csv
2021-10-08,204959522,0,,win2day:NN_W2D_STAT_EUML_2021.csv
2021-10-12,220000000,0,,win2day:NN_W2D_STAT_EUML_2021.csv
2021-10-15,220000000,1,1,win2day:NN_W2D_STAT_EUML_2021.csv
2021-10-19,17000000,0,,win2day:NN_W2D_STAT_EUML_2021.csv
2021-10-22,30765413,0,,win2day:NN_W2D_STAT_EUML_2021.csv
2021-10-26,41218951,0,,win2day:NN_W2D_STAT_EUML_2021.csv
2021-10-29,56130473,0,,win2day:NN_W2D_STAT_EUML_2021.csv
2021-11-02,67114273,0,,win2day:NN_W2D_STAT_EUML_2021.csv
2021-11-05,80098420,0,,win2day:NN_W2D_STAT_EUML_2021.csv
2021-11-09,90574742,0,,win2day:NN_W2D_STAT_EUML_2021.csv
2021-11-12,104804310,0,,win2day:NN_W2D_STAT_EUML_2021.csv
2021-11-16,116414663,0,,win2day:NN_W2D_STAT_EUML_2021.csv
2021-11-19,132310193,0,,win2day:NN_W2D_STAT_EUML_2021.csv
2021-11-23,145091098,0,,win2day:NN_W2D_STAT_EUML_2021.csv
2021-11-26,162289050,1,1,win2day:NN_W2D_STAT_EUML_2021.csv
2021-11-30,17000000,0,,win2day:NN_W2D_STAT_EUML_2021.csv
2021-12-03,130000000,0,,win2day:NN_W2D_STAT_EUML_2021.csv
2021-12-07,143469842,1,1,win2day:NN_W2D_STAT_EUML_2021.csv
2021-12-10,17000000,0,,win2day:NN_W2D_STAT_EUML_2021.csv
2021-12-14,27297367,0,,win2day:NN_W2D_STAT_EUML_2021.csv
2021-12-17,41402488,0,,win2day:NN_W2D_STAT_EUML_2021.csv
2021-12-21,52678478,0,,win2day:NN_W2D_STAT_EUML_2021.csv
2021-12-24,69443073,0,,win2day:NN_W2D_STAT_EUML_2021.csv
2021-12-28,79411191,1,1,win2day:NN_W2D_STAT_EUML_2021.csv
2021-12-31,17571602,1,1,win2day:NN_W2D_STAT_EUML_2021.csv
2022-01-04,17000000,0,,win2day:NN_W2D_STAT_EUML_2022.csv
2022-01-07,30434021,0,,win2day:NN_W2D_STAT_EUML_2022.csv
2022-01-11,41198748,0,,win2day:NN_W2D_STAT_EUML_2022.csv
2022-01-14,55802637,0,,win2day:NN_W2D_STAT_EUML_2022.csv
2022-01-18,67441797,1,1,win2day:NN_W2D_STAT_EUML_2022.csv
2022-01-21,26158374,0,,win2day:NN_W2D_STAT_EUML_2022.csv
2022-01-25,36602485,0,,win2day:NN_W2D_STAT_EUML_2022.csv
2022-01-28,51355482,0,,win2day:NN_W2D_STAT_EUML_2022.csv
2022-02-01,62918725,0,,win2day:NN_W2D_STAT_EUML_2022.csv
2022-02-04,130000000,1,1,win2day:NN_W2D_STAT_EUML_2022.csv
2022-02-08,17000000,0,,win2day:NN_W2D_STAT_EUML_2022.csv
2022-02-11,30928078,1,1,win2day:NN_W2D_STAT_EUML_2022.csv
2022-02-15,17000000,0,,win2day:NN_W2D_STAT_EUML_2022.csv
2022-02-18,30386296,0,,win2day:NN_W2D_STAT_EUML_2022.csv
2022-02-22,40960814,0,,win2day:NN_W2D_STAT_EUML_2022.csv
2022-02-25,55111351,0,,win2day:NN_W2D_STAT_EUML_2022.csv
2022-03-01,65887876,0,,win2day:NN_W2D_STAT_EUML_2022.csv
2022-03-04,78587957,1,1,win2day:NN_W2D_STAT_EUML_2022.csv
2022-03-08,17000000,0,,win2day:NN_W2D_STAT_EUML_2022.csv
2022-03-11,30105265,0,,win2day:NN_W2D_STAT_EUML_2022.csv
2022-03-15,40030704,0,,win2day:NN_W2D_STAT_EUML_2022.csv
2022-03-18,26825597,1,2,win2day:NN_W2D_STAT_EUML_2022.csv
2022-03-22,17000000,0,,win2day:NN_W2D_STAT_EUML_2022.csv
2022-03-25,30608285,0,,win2day:NN_W2D_STAT_EUML_2022.csv
2022-03-29,40310863,0,,win2day:NN_W2D_STAT_EUML_2022.csv
2022-04-01,54338153,0,,win2day:NN_W2D_STAT_EUML_2022.csv
2022-04-05,64950730,0,,win2day:NN_W2D_STAT_EUML_2022.csv
2022-04-08,77113730,0,,win2day:NN_W2D_STAT_EUML_2022.csv
2022-04-12,86707524,0,,win2day:NN_W2D_STAT_EUML_2022.csv
2022-04-15,99284231,0,,win2day:NN_W2D_STAT_EUML_2022.csv
2022-04-19,109726011,0,,win2day:NN_W2D_STAT_EUML_2022.csv
2022-04-22,125443189,0,,win2day:NN_W2D_STAT_EUML_2022.csv
2022-04-26,138997634,0,,win2day:NN_W2D_STAT_EUML_2022.csv
2022-04-29,158670926,0,,win2day:NN_W2D_STAT_EUML_2022.csv
2022-05-03,174025283,0,,win2day:NN_W2D_STAT_EUML_2022.csv
2022-05-06,195426738,0,,win2day:NN_W2D_STAT_EUML_2022.csv
2022-05-10,215840341,1,1,win2day:NN_W2D_STAT_EUML_2022.csv
2022-05-13,17000000,0,,win2day:NN_W2D_STAT_EUML_2022.csv
2022-05-17,26854990,0,,win2day:NN_W2D_STAT_EUML_2022.csv
2022-05-20,40361205,0,,win2day:NN_W2D_STAT_EUML_2022.csv
2022-05-24,50656220,1,1,win2day:NN_W2D_STAT_EUML_2022.csv
2022-05-27,17000000,0,,win2day:NN_W2D_STAT_EUML_2022.csv
2022-05-31,26862122,0,,win2day:NN_W2D_STAT_EUML_2022.csv
2022-06-03,40193758,0,,win2day:NN_W2D_STAT_EUML_2022.csv
2022-06-07,50425091,0,,win2day:NN_W2D_STAT_EUML_2022.csv
2022-06-10,64382899,1,1,win2day:NN_W2D_STAT_EUML_2022.csv
2022-06-14,17000000,0,,win2day:NN_W2D_STAT_EUML_2022.csv
2022-06-17,130000000,0,,win2day:NN_W2D_STAT_EUML_2022.csv
2022-06-21,143671413,0,,win2day:NN_W2D_STAT_EUML_2022.csv
2022-06-24,161066308,0,,win2day:NN_W2D_STAT_EUML_2022.csv
2022-06-28,175942219,0,,win2day:NN_W2D_STAT_EUML_2022.csv
2022-07-01,196414961,0,,win2day:NN_W2D_STAT_EUML_2022.csv
2022-07-05,215357108,0,,win2day:NN_W2D_STAT_EUML_2022.csv
2022-07-08,230000000,0,,win2day:NN_W2D_STAT_EUML_2022.csv
2022-07-12,230000000,0,,win2day:NN_W2D_STAT_EUML_2022.csv
2022-07-15,230000000,0,,win2day:NN_W2D_STAT_EUML_2022.csv
2022-07-19,230000000,1,1,win2day:NN_W2D_STAT_EUML_2022.csv
2022-07-22,17000000,0,,win2day:NN_W2D_STAT_EUML_2022.csv
2022-07-26,27478522,0,,win2day:NN_W2D_STAT_EUML_2022.csv
2022-07-29,41717625,1,1,win2day:NN_W2D_STAT_EUML_2022.csv
2022-08-02,17000000,0,,win2day:NN_W2D_STAT_EUML_2022.csv
2022-08-05,30356111,0,,win2day:NN_W2D_STAT_EUML_2022.csv
2022-08-09,40859539,0,,win2day:NN_W2D_STAT_EUML_2022.csv
2022-08-12,54932236,0,,win2day:NN_W2D_STAT_EUML_2022.csv
2022-08-16,65542061,0,,win2day:NN_W2D_STAT_EUML_2022.csv
2022-08-19,77782771,0,,win2day:NN_W2D_STAT_EUML_2022.csv
2022-08-23,87739477,0,,win2day:NN_W2D_STAT_EUML_2022.csv
2022-08-26,101607331,0,,win2day:NN_W2D_STAT_EUML_2022.csv
2022-08-30,112909219,0,,win2day:NN_W2D_STAT_EUML_2022.csv
2022-09-02,128491607,1,1,win2day:NN_W2D_STAT_EUML_2022.csv
2022-09-06,17000000,0,,win2day:NN_W2D_STAT_EUML_2022.csv
2022-09-09,130000000,0,,win2day:NN_W2D_STAT_EUML_2022.csv
2022-09-13,143363071,0,,win2day:NN_W2D_STAT_EUML_2022.csv
2022-09-16,160585356,0,,win2day:NN_W2D_STAT_EUML_2022.csv
2022-09-20,174393431,0,,win2day:NN_W2D_STAT_EUML_2022.csv
2022-09-23,193007524,1,1,win2day:NN_W2D_STAT_EUML_2022.csv
2022-09-27,17000000,0,,win2day:NN_W2D_STAT_EUML_2022.csv
2022-09-30,30779316,0,,win2day:NN_W2D_STAT_EUML_2022.csv
2022-10-04,41404202,0,,win2day:NN_W2D_STAT_EUML_2022.csv
2022-10-07,55925603,0,,win2day:NN_W2D_STAT_EUML_2022.csv
2022-10-11,67271820,0,,win2day:NN_W2D_STAT_EUML_2022.csv
2022-10-14,79886870,0,,win2day:NN_W2D_STAT_EUML_2022.csv
2022-10-18,89872399,0,,win2day:NN_W2D_STAT_EUML_2022.csv
2022-10-21,103645225,0,,win2day:NN_W2D_STAT_EUML_2022.csv
2022-10-25,115163195,0,,win2day:NN_W2D_STAT_EUML_2022.csv
2022-10-28,130427867,0,,win2day:NN_W2D_STAT_EUML_2022.csv
2022-11-01,142364826,0,,win2day:NN_W2D_STAT_EUML_2022.csv
2022-11-04,160788895,1,1,win2day:NN_W2D_STAT_EUML_2022.csv
2022-11-08,17000000,0,,win2day:NN_W2D_STAT_EUML_2022.csv
2022-11-11,30268879,0,,win2day:NN_W2D_STAT_EUML_2022.csv
2022-11-15,40593926,0,,win2day:NN_W2D_STAT_EUML_2022.csv
2022-11-18,54718415,0,,win2day:NN_W2D_STAT_EUML_2022.csv
2022-11-22,65446418,0,,win2day:NN_W2D_STAT_EUML_2022.csv
2022-11-25,77861912,0,,win2day:NN_W2D_STAT_EUML_2022.csv
2022-11-29,87748882,0,,win2day:NN_W2D_STAT_EUML_2022.csv
2022-12-02,130000000,0,,win2day:NN_W2D_STAT_EUML_2022.csv
2022-12-06,142897164,1,1,win2day:NN_W2D_STAT_EUML_2022.csv
2022-12-09,17000000,0,,win2day:NN_W2D_STAT_EUML_2022.csv
2022-12-13,27040539,0,,win2day:NN_W2D_STAT_EUML_2022.csv
2022-12-16,40613994,0,,win2day:NN_W2D_STAT_EUML_2022.csv
2022-12-20,51605931,1,1,win2day:NN_W2D_STAT_EUML_2022.csv
2022-12-23,17000000,0,,win2day:NN_W2D_STAT_EUML_2022.csv
2022-12-27,26956990,1,1,win2day:NN_W2D_STAT_EUML_2022.csv
2022-12-30,17000000,0,,win2day:NN_W2D_STAT_EUML_2022.csv
2023-01-03,26981448,0,,win2day:NN_W2D_STAT_EUML_2023.csv
2023-01-06,40092766,0,,win2day:NN_W2D_STAT_EUML_2023.csv
2023-01-10,51358214,0,,win2day:NN_W2D_STAT_EUML_2023.csv
2023-01-13,68825114,1,1,win2day:NN_W2D_STAT_EUML_2023.csv
2023-01-17,17000000,0,,win2day:NN_W2D_STAT_EUML_2023.csv
2023-01-20,30055348,0,,win2day:NN_W2D_STAT_EUML_2023.csv
2023-01-24,40135672,0,,win2day:NN_W2D_STAT_EUML_2023.csv
2023-01-27,54426133,0,,win2day:NN_W2D_STAT_EUML_2023.csv
2023-01-31,66081021,1,1,win2day:NN_W2D_STAT_EUML_2023.csv
2023-02-03,26903914,0,,win2day:NN_W2D_STAT_EUML_2023.csv
2023-02-07,37368401,0,,win2day:NN_W2D_STAT_EUML_2023.csv
2023-02-10,51805568,0,,win2day:NN_W2D_STAT_EUML_2023.csv
2023-02-14,63133766,0,,win2day:NN_W2D_STAT_EUML_2023.csv
2023-02-17,78038271,0,,win2day:NN_W2D_STAT_EUML_2023.csv
2023-02-21,87872368,0,,win2day:NN_W2D_STAT_EUML_2023.csv
2023-02-24,102242065,1,1,win2day:NN_W2D_STAT_EUML_2023.csv
2023-02-28,17000000,0,,win2day:NN_W2D_STAT_EUML_2023.csv
2023-03-03,130000000,0,,win2day:NN_W2D_STAT_EUML_2023.csv
2023-03-07,144966361,1,1,win2day:NN_W2D_STAT_EUML_2023.csv
2023-03-10,17000000,0,,win2day:NN_W2D_STAT_EUML_2023.csv
2023-03-14,27135288,0,,win2day:NN_W2D_STAT_EUML_2023.csv
2023-03-17,40979052,0,,win2day:NN_W2D_STAT_EUML_2023.csv
2023-03-21,51752817,0,,win2day:NN_W2D_STAT_EUML_2023.csv
2023-03-24,66287741,1,1,win2day:NN_W2D_STAT_EUML_2023.csv
2023-03-28,17000000,0,,win2day:NN_W2D_STAT_EUML_2023.csv
2023-03-31,30291562,0,,win2day:NN_W2D_STAT_EUML_2023.csv
2023-04-04,40419100,0,,win2day:NN_W2D_STAT_EUML_2023.csv
2023-04-07,53926195,0,,win2day:NN_W2D_STAT_EUML_2023.csv
2023-04-11,64268423,0,,win2day:NN_W2D_STAT_EUML_2023.csv
2023-04-14,76614029,0,,win2day:NN_W2D_STAT_EUML_2023.csv
2023-04-18,86295887,0,,win2day:NN_W2D_STAT_EUML_2023.csv
2023-04-21,101652719,0,,win2day:NN_W2D_STAT_EUML_2023.csv
2023-04-25,113203135,0,,win2day:NN_W2D_STAT_EUML_2023.csv
2023-04-28,129017021,0,,win2day:NN_W2D_STAT_EUML_2023.csv
2023-05-02,141358073,0,,win2day:NN_W2D_STAT_EUML_2023.csv
2023-05-05,53041075,1,3,win2day:NN_W2D_STAT_EUML_2023.csv
2023-05-09,17000000,0,,win2day:NN_W2D_STAT_EUML_2023.csv
2023-05-12,30501493,0,,win2day:NN_W2D_STAT_EUML_2023.csv
2023-05-16,40834212,0,,win2day:NN_W2D_STAT_EUML_2023.csv
2023-05-19,54581705,0,,win2day:NN_W2D_STAT_EUML_2023.csv
2023-05-23,65331075,0,,win2day:NN_W2D_STAT_EUML_2023.csv
2023-05-26,77603768,0,,win2day:NN_W2D_STAT_EUML_2023.csv
2023-05-30,87066382,0,,win2day:NN_W2D_STAT_EUML_2023.csv
2023-06-02,130000000,1,1,win2day:NN_W2D_STAT_EUML_2023.csv
2023-06-06,17000000,0,,win2day:NN_W2D_STAT_EUML_2023.csv
2023-06-09,29999076,0,,win2day:NN_W2D_STAT_EUML_2023.csv
2023-06-13,39998136,0,,win2day:NN_W2D_STAT_EUML_2023.csv
2023-06-16,53695271,0,,win2day:NN_W2D_STAT_EUML_2023.csv
2023-06-20,64343648,1,1,win2day:NN_W2D_STAT_EUML_2023.csv
2023-06-23,17000000,0,,win2day:NN_W2D_STAT_EUML_2023.csv
2023-06-27,26366575,0,,win2day:NN_W2D_STAT_EUML_2023.csv
2023-06-30,39350950,0,,win2day:NN_W2D_STAT_EUML_2023.csv
2023-07-04,49799831,0,,win2day:NN_W2D_STAT_EUML_2023.csv
2023-07-07,63819632,0,,win2day:NN_W2D_STAT_EUML_2023.csv
2023-07-11,36621161,1,2,win2day:NN_W2D_STAT_EUML_2023.csv
2023-07-14,17000000,0,,win2day:NN_W2D_STAT_EUML_2023.csv
2023-07-18,26319523,0,,win2day:NN_W2D_STAT_EUML_2023.csv
2023-07-21,38938247,0,,win2day:NN_W2D_STAT_EUML_2023.csv
2023-07-25,48942249,0,,win2day:NN_W2D_STAT_EUML_2023.csv
2023-07-28,62712326,0,,win2day:NN_W2D_STAT_EUML_2023.csv
2023-08-01,72144196,1,1,win2day:NN_W2D_STAT_EUML_2023.csv
2023-08-04,17000000,0,,win2day:NN_W2D_STAT_EUML_2023.csv
2023-08-08,26419369,0,,win2day:NN_W2D_STAT_EUML_2023.csv
2023-08-11,39046910,0,,win2day:NN_W2D_STAT_EUML_2023.csv
2023-08-15,48439435,0,,win2day:NN_W2D_STAT_EUML_2023.csv
2023-08-18,61993455,0,,win2day:NN_W2D_STAT_EUML_2023.csv
2023-08-22,71241834,0,,win2day:NN_W2D_STAT_EUML_2023.csv
2023-08-25,83895708,0,,win2day:NN_W2D_STAT_EUML_2023.csv
2023-08-29,94132132,0,,win2day:NN_W2D_STAT_EUML_2023.csv
2023-09-01,109268140,1,1,win2day:NN_W2D_STAT_EUML_2023.csv
2023-09-05,17000000,0,,win2day:NN_W2D_STAT_EUML_2023.csv
2023-09-08,29856760,0,,win2day:NN_W2D_STAT_EUML_2023.csv
2023-09-12,39749426,0,,win2day:NN_W2D_STAT_EUML_2023.csv
2023-09-15,27475869,1,2,win2day:NN_W2D_STAT_EUML_2023.csv
2023-09-19,17000000,0,,win2day:NN_W2D_STAT_EUML_2023.csv
2023-09-22,30052281,0,,win2day:NN_W2D_STAT_EUML_2023.csv
2023-09-26,40110281,0,,win2day:NN_W2D_STAT_EUML_2023.csv
2023-09-29,130000000,1,1,win2day:NN_W2D_STAT_EUML_2023.csv
2023-10-03,17000000,0,,win2day:NN_W2D_STAT_EUML_2023.csv
2023-10-06,30163855,0,,win2day:NN_W2D_STAT_EUML_2023.csv
2023-10-10,40033036,0,,win2day:NN_W2D_STAT_EUML_2023.csv
2023-10-13,56657303,0,,win2day:NN_W2D_STAT_EUML_2023.csv
2023-10-17,67318140,1,1,win2day:NN_W2D_STAT_EUML_2023.csv
2023-10-20,17000000,0,,win2day:NN_W2D_STAT_EUML_2023.csv
2023-10-24,26274769,1,1,win2day:NN_W2D_STAT_EUML_2023.csv
2023-10-27,17000000,1,1,win2day:NN_W2D_STAT_EUML_2023.csv
2023-10-31,17000000,0,,win2day:NN_W2D_STAT_EUML_2023.csv
2023-11-03,31218086,1,1,win2day:NN_W2D_STAT_EUML_2023.csv
2023-11-07,17000000,0,,win2day:NN_W2D_STAT_EUML_2023.csv
2023-11-10,29442596,0,,win2day:NN_W2D_STAT_EUML_2023.csv
2023-11-14,38766954,0,,win2day:NN_W2D_STAT_EUML_2023.csv
2023-11-17,51871163,0,,win2day:NN_W2D_STAT_EUML_2023.csv
2023-11-21,61945881,0,,win2day:NN_W2D_STAT_EUML_2023.csv
2023-11-24,73689177,0,,win2day:NN_W2D_STAT_EUML_2023.csv
2023-11-28,83068817,1,1,win2day:NN_W2D_STAT_EUML_2023.csv
2023-12-01,200000000,0,,win2day:NN_W2D_STAT_EUML_2023.csv
2023-12-05,218859087,0,,win2day:NN_W2D_STAT_EUML_2023.csv
2023-12-08,240000000,1,1,win2day:NN_W2D_STAT_EUML_2023.csv
2023-12-12,17000000,0,,win2day:NN_W2D_STAT_EUML_2023.csv
2023-12-15,30315474,0,,win2day:NN_W2D_STAT_EUML_2023.csv
2023-12-19,40468227,0,,win2day:NN_W2D_STAT_EUML_2023.csv
2023-12-22,55662868,1,1,win2day:NN_W2D_STAT_EUML_2023.csv
2023-12-26,17000000,0,,win2day:NN_W2D_STAT_EUML_2023.csv
2023-12-29,30547316,0,,win2day:NN_W2D_STAT_EUML_2023.csv
2024-01-02,40104043,0,,win2day:NN_W2D_STAT_EUML_2024.csv
2024-01-05,53860692,0,,win2day:NN_W2D_STAT_EUML_2024.csv
2024-01-09,64655929,0,,win2day:NN_W2D_STAT_EUML_2024.csv
2024-01-12,78232869,0,,win2day:NN_W2D_STAT_EUML_2024.csv
2024-01-16,87952574,1,1,win2day:NN_W2D_STAT_EUML_2024.csv
2024-01-19,17000000,1,1,win2day:NN_W2D_STAT_EUML_2024.csv
2024-01-23,17000000,0,,win2day:NN_W2D_STAT_EUML_2024.csv
2024-01-26,130000000,0,,win2day:NN_W2D_STAT_EUML_2024.csv
2024-01-30,72274808,1,2,win2day:NN_W2D_STAT_EUML_2024.csv
2024-02-02,17000000,0,,win2day:NN_W2D_STAT_EUML_2024.csv
2024-02-06,26671242,0,,win2day:NN_W2D_STAT_EUML_2024.csv
2024-02-09,39863291,0,,win2day:NN_W2D_STAT_EUML_2024.csv
2024-02-13,50200267,0,,win2day:NN_W2D_STAT_EUML_2024.csv
2024-02-16,64205787,0,,win2day:NN_W2D_STAT_EUML_2024.csv
2024-02-20,73448160,1,1,win2day:NN_W2D_STAT_EUML_2024.csv
2024-02-23,17000000,0,,win2day:NN_W2D_STAT_EUML_2024.csv
2024-02-27,26481831,0,,win2day:NN_W2D_STAT_EUML_2024.csv
2024-03-01,39478163,0,,win2day:NN_W2D_STAT_EUML_2024.csv
2024-03-05,49724672,0,,win2day:NN_W2D_STAT_EUML_2024.csv
2024-03-08,63706418,0,,win2day:NN_W2D_STAT_EUML_2024.csv
2024-03-12,72905621,0,,win2day:NN_W2D_STAT_EUML_2024.csv
2024-03-15,130000000,1,1,win2day:NN_W2D_STAT_EUML_2024.csv
2024-03-19,17000000,0,,win2day:NN_W2D_STAT_EUML_2024.csv
2024-03-22,29416867,0,,win2day:NN_W2D_STAT_EUML_2024.csv
2024-03-26,38982716,0,,win2day:NN_W2D_STAT_EUML_2024.csv
2024-03-29,52158877,0,,win2day:NN_W2D_STAT_EUML_2024.csv
2024-04-02,61841232,0,,win2day:NN_W2D_STAT_EUML_2024.csv
2024-04-05,73573473,0,,win2day:NN_W2D_STAT_EUML_2024.csv
2024-04-09,82919693,0,,win2day:NN_W2D_STAT_EUML_2024.csv
2024-04-12,95455076,0,,win2day:NN_W2D_STAT_EUML_2024.csv
2024-04-16,106321539,0,,win2day:NN_W2D_STAT_EUML_2024.csv
2024-04-19,121428316,0,,win2day:NN_W2D_STAT_EUML_2024.csv
2024-04-23,133997920,0,,win2day:NN_W2D_STAT_EUML_2024.csv
2024-04-26,152030613,0,,win2day:NN_W2D_STAT_EUML_2024.csv
2024-04-30,166790050,1,1,win2day:NN_W2D_STAT_EUML_2024.csv
2024-05-03,17000000,0,,win2day:NN_W2D_STAT_EUML_2024.csv
2024-05-07,26436747,0,,win2day:NN_W2D_STAT_EUML_2024.csv
2024-05-10,38735490,0,,win2day:NN_W2D_STAT_EUML_2024.csv
2024-05-14,48748900,1,1,win2day:NN_W2D_STAT_EUML_2024.csv
2024-05-17,17000000,0,,win2day:NN_W2D_STAT_EUML_2024.csv
2024-05-21,25835023,0,,win2day:NN_W2D_STAT_EUML_2024.csv
2024-05-24,38150340,0,,win2day:NN_W2D_STAT_EUML_2024.csv
2024-05-28,47755444,0,,win2day:NN_W2D_STAT_EUML_2024.csv
2024-05-31,61212841,0,,win2day:NN_W2D_STAT_EUML_2024.csv
2024-06-04,70207868,0,,win2day:NN_W2D_STAT_EUML_2024.csv
2024-06-07,130000000,0,,win2day:NN_W2D_STAT_EUML_2024.csv
2024-06-11,143550509,0,,win2day:NN_W2D_STAT_EUML_2024.csv
2024-06-14,161234810,0,,win2day:NN_W2D_STAT_EUML_2024.csv
2024-06-18,176125263,0,,win2day:NN_W2D_STAT_EUML_2024.csv
2024-06-21,195721466,0,,win2day:NN_W2D_STAT_EUML_2024.csv
2024-06-25,213887390,1,1,win2day:NN_W2D_STAT_EUML_2024.csv
2024-06-28,17000000,0,,win2day:NN_W2D_STAT_EUML_2024.csv
2024-07-02,26534527,0,,win2day:NN_W2D_STAT_EUML_2024.csv
2024-07-05,39132032,1,1,win2day:NN_W2D_STAT_EUML_2024.csv
2024-07-09,17000000,0,,win2day:NN_W2D_STAT_EUML_2024.csv
2024-07-12,29128125,0,,win2day:NN_W2D_STAT_EUML_2024.csv
2024-07-16,38567423,0,,win2day:NN_W2D_STAT_EUML_2024.csv
2024-07-19,26181999,1,2,win2day:NN_W2D_STAT_EUML_2024.csv
2024-07-23,17000000,0,,win2day:NN_W2D_STAT_EUML_2024.csv
2024-07-26,28649442,1,1,win2day:NN_W2D_STAT_EUML_2024.csv
2024-07-30,17000000,0,,win2day:NN_W2D_STAT_EUML_2024.csv
2024-08-02,28776997,0,,win2day:NN_W2D_STAT_EUML_2024.csv
2024-08-06,38085988,0,,win2day:NN_W2D_STAT_EUML_2024.csv
2024-08-09,50649439,0,,win2day:NN_W2D_STAT_EUML_2024.csv
2024-08-13,60887190,0,,win2day:NN_W2D_STAT_EUML_2024.csv
2024-08-16,72769716,0,,win2day:NN_W2D_STAT_EUML_2024.csv
2024-08-20,81964326,0,,win2day:NN_W2D_STAT_EUML_2024.csv
2024-08-23,94498717,0,,win2day:NN_W2D_STAT_EUML_2024.csv
2024-08-27,104936241,0,,win2day:NN_W2D_STAT_EUML_2024.csv
2024-08-30,119772690,0,,win2day:NN_W2D_STAT_EUML_2024.csv
2024-09-03,132447714,0,,win2day:NN_W2D_STAT_EUML_2024.csv
2024-09-06,149017789,1,1,win2day:NN_W2D_STAT_EUML_2024.csv
2024-09-10,17000000,0,,win2day:NN_W2D_STAT_EUML_2024.csv
2024-09-13,31511704,0,,win2day:NN_W2D_STAT_EUML_2024.csv
2024-09-17,41391923,0,,win2day:NN_W2D_STAT_EUML_2024.csv
2024-09-20,54712555,0,,win2day:NN_W2D_STAT_EUML_2024.csv
2024-09-24,65337927,0,,win2day:NN_W2D_STAT_EUML_2024.csv
2024-09-27,130000000,0,,win2day:NN_W2D_STAT_EUML_2024.csv
2024-10-01,143969598,0,,win2day:NN_W2D_STAT_EUML_2024.csv
2024-10-04,162256512,1,1,win2day:NN_W2D_STAT_EUML_2024.csv
2024-10-08,17000000,0,,win2day:NN_W2D_STAT_EUML_2024.csv
2024-10-11,29821152,0,,win2day:NN_W2D_STAT_EUML_2024.csv
2024-10-15,39530015,0,,win2day:NN_W2D_STAT_EUML_2024.csv
2024-10-18,53040810,0,,win2day:NN_W2D_STAT_EUML_2024.csv
2024-10-22,63353583,0,,win2day:NN_W2D_STAT_EUML_2024.csv
2024-10-25,76313061,0,,win2day:NN_W2D_STAT_EUML_2024.csv
2024-10-29,85747958,0,,win2day:NN_W2D_STAT_EUML_2024.csv
2024-11-01,98005009,0,,win2day:NN_W2D_STAT_EUML_2024.csv
2024-11-05,109544200,0,,win2day:NN_W2D_STAT_EUML_2024.csv
2024-11-08,124837601,0,,win2day:NN_W2D_STAT_EUML_2024.csv
2024-11-12,137211025,0,,win2day:NN_W2D_STAT_EUML_2024.csv
2024-11-15,153801394,0,,win2day:NN_W2D_STAT_EUML_2024.csv
2024-11-19,167885087,0,,win2day:NN_W2D_STAT_EUML_2024.csv
2024-11-22,194669132,0,,win2day:NN_W2D_STAT_EUML_2024.csv
2024-11-26,212448937,1,1,win2day:NN_W2D_STAT_EUML_2024.csv
2024-11-29,17000000,0,,win2day:NN_W2D_STAT_EUML_2024.csv
2024-12-03,27018616,0,,win2day:NN_W2D_STAT_EUML_2024.csv
2024-12-06,40367383,0,,win2day:NN_W2D_STAT_EUML_2024.csv
2024-12-10,50987545,0,,win2day:NN_W2D_STAT_EUML_2024.csv
2024-12-13,67852508,0,,win2day:NN_W2D_STAT_EUML_2024.csv
2024-12-17,77557137,1,1,win2day:NN_W2D_STAT_EUML_2024.csv
2024-12-20,17000000,0,,win2day:NN_W2D_STAT_EUML_2024.csv
2024-12-24,28754035,0,,win2day:NN_W2D_STAT_EUML_2024.csv
2024-12-27,41205363,1,1,win2day:NN_W2D_STAT_EUML_2024.csv
2024-12-31,17000000,0,,win2day:NN_W2D_STAT_EUML_2024.csv
2025-01-03,29139978,0,,win2day:NN_W2D_STAT_EUML_2025.csv
2025-01-07,39138030,0,,win2day:NN_W2D_STAT_EUML_2025.csv
2025-01-10,52905618,0,,win2day:NN_W2D_STAT_EUML_2025.csv
2025-01-14,63894652,0,,win2day:NN_W2D_STAT_EUML_2025.csv
2025-01-17,76208290,0,,win2day:NN_W2D_STAT_EUML_2025.csv
2025-01-21,85948096,0,,win2day:NN_W2D_STAT_EUML_2025.csv
2025-01-24,99397573,1,1,win2day:NN_W2D_STAT_EUML_2025.csv
2025-01-28,17000000,0,,win2day:NN_W2D_STAT_EUML_2025.csv
2025-01-31,29691765,0,,win2day:NN_W2D_STAT_EUML_2025.csv
2025-02-04,39688310,0,,win2day:NN_W2D_STAT_EUML_2025.csv
2025-02-07,53335818,0,,win2day:NN_W2D_STAT_EUML_2025.csv
2025-02-11,64222633,0,,win2day:NN_W2D_STAT_EUML_2025.csv
2025-02-14,78450739,1,1,win2day:NN_W2D_STAT_EUML_2025.csv
2025-02-18,17000000,0,,win2day:NN_W2D_STAT_EUML_2025.csv
2025-02-21,29270258,0,,win2day:NN_W2D_STAT_EUML_2025.csv
2025-02-25,38919454,0,,win2day:NN_W2D_STAT_EUML_2025.csv
2025-02-28,52448674,1,1,win2day:NN_W2D_STAT_EUML_2025.csv
2025-03-04,17000000,0,,win2day:NN_W2D_STAT_EUML_2025.csv
2025-03-07,130000000,0,,win2day:NN_W2D_STAT_EUML_2025.csv
2025-03-11,144588956,0,,win2day:NN_W2D_STAT_EUML_2025.csv
2025-03-14,163297044,0,,win2day:NN_W2D_STAT_EUML_2025.csv
2025-03-18,179328993,0,,win2day:NN_W2D_STAT_EUML_2025.csv
2025-03-21,200584076,0,,win2day:NN_W2D_STAT_EUML_2025.csv
2025-03-25,220427176,0,,win2day:NN_W2D_STAT_EUML_2025.csv
2025-03-28,250000000,1,1,win2day:NN_W2D_STAT_EUML_2025.csv
2025-04-01,17000000,0,,win2day:NN_W2D_STAT_EUML_2025.csv
2025-04-04,30117535,1,1,win2day:NN_W2D_STAT_EUML_2025.csv
2025-04-08,17000000,0,,win2day:NN_W2D_STAT_EUML_2025.csv
2025-04-11,29653055,0,,win2day:NN_W2D_STAT_EUML_2025.csv
2025-04-15,39576503,0,,win2day:NN_W2D_STAT_EUML_2025.csv
2025-04-18,52448886,0,,win2day:NN_W2D_STAT_EUML_2025.csv
2025-04-22,62465227,0,,win2day:NN_W2D_STAT_EUML_2025.csv
2025-04-25,74400108,0,,win2day:NN_W2D_STAT_EUML_2025.csv
2025-04-29,83786486,0,,win2day:NN_W2D_STAT_EUML_2025.csv
2025-05-02,97254381,0,,win2day:NN_W2D_STAT_EUML_2025.csv
2025-05-06,108197286,0,,win2day:NN_W2D_STAT_EUML_2025.csv
2025-05-09,123011264,0,,win2day:NN_W2D_STAT_EUML_2025.csv
2025-05-13,135332717,0,,win2day:NN_W2D_STAT_EUML_2025.csv
2025-05-16,151408193,0,,win2day:NN_W2D_STAT_EUML_2025.csv
2025-05-20,164911119,0,,win2day:NN_W2D_STAT_EUML_2025.csv
2025-05-23,182346241,0,,win2day:NN_W2D_STAT_EUML_2025.csv
2025-05-27,198011279,0,,win2day:NN_W2D_STAT_EUML_2025.csv
2025-05-30,218316095,0,,win2day:NN_W2D_STAT_EUML_2025.csv
2025-06-03,238816941,0,,win2day:NN_W2D_STAT_EUML_2025.csv
2025-06-06,250000000,0,,win2day:NN_W2D_STAT_EUML_2025.csv
2025-06-10,250000000,0,,win2day:NN_W2D_STAT_EUML_2025.csv
2025-06-13,250000000,0,,win2day:NN_W2D_STAT_EUML_2025.csv
2025-06-17,250000000,1,1,win2day:NN_W2D_STAT_EUML_2025.csv
2025-06-20,17000000,0,,win2day:NN_W2D_STAT_EUML_2025.csv
2025-06-24,26938272,0,,win2day:NN_W2D_STAT_EUML_2025.csv
2025-06-27,40322653,0,,win2day:NN_W2D_STAT_EUML_2025.csv
2025-07-01,51016730,0,,win2day:NN_W2D_STAT_EUML_2025.csv
2025-07-04,64874336,0,,win2day:NN_W2D_STAT_EUML_2025.csv
2025-07-08,74533673,0,,win2day:NN_W2D_STAT_EUML_2025.csv
2025-07-11,86799585,0,,win2day:NN_W2D_STAT_EUML_2025.csv
2025-07-15,96858365,0,,win2day:NN_W2D_STAT_EUML_2025.csv
2025-07-18,111646530,0,,win2day:NN_W2D_STAT_EUML_2025.csv
2025-07-22,123233142,0,,win2day:NN_W2D_STAT_EUML_2025.csv
2025-07-25,137766680,0,,win2day:NN_W2D_STAT_EUML_2025.csv
2025-07-29,150232733,0,,win2day:NN_W2D_STAT_EUML_2025.csv
2025-08-01,166241768,0,,win2day:NN_W2D_STAT_EUML_2025.csv
2025-08-05,179818188,0,,win2day:NN_W2D_STAT_EUML_2025.csv
2025-08-08,197504621,0,,win2day:NN_W2D_STAT_EUML_2025.csv
2025-08-12,213114756,0,,win2day:NN_W2D_STAT_EUML_2025.csv
2025-08-15,232174803,0,,win2day:NN_W2D_STAT_EUML_2025.csv
2025-08-19,250000000,1,1,win2day:NN_W2D_STAT_EUML_2025.csv
2025-08-22,17000000,0,,win2day:NN_W2D_STAT_EUML_2025.csv
2025-08-26,26800624,0,,win2day:NN_W2D_STAT_EUML_2025.csv
2025-08-29,40112807,0,,win2day:NN_W2D_STAT_EUML_2025.csv
2025-09-02,51026993,0,,win2day:NN_W2D_STAT_EUML_2025.csv
2025-09-05,65278573,1,1,win2day:NN_W2D_STAT_EUML_2025.csv
2025-09-09,17000000,0,,win2day:NN_W2D_STAT_EUML_2025.csv
2025-09-12,29758911,0,,win2day:NN_W2D_STAT_EUML_2025.csv
2025-09-16,39929183,0,,win2day:NN_W2D_STAT_EUML_2025.csv
2025-09-19,53344250,0,,win2day:NN_W2D_STAT_EUML_2025.csv
2025-09-23,64176450,0,,win2day:NN_W2D_STAT_EUML_2025.csv
2025-09-26,130000000,1,1,win2day:NN_W2D_STAT_EUML_2025.csv
2025-09-30,17000000,0,,win2day:NN_W2D_STAT_EUML_2025.csv
2025-10-03,29922038,1,1,win2day:NN_W2D_STAT_EUML_2025.csv
2025-10-07,17000000,0,,win2day:NN_W2D_STAT_EUML_2025.csv
2025-10-10,29671390,1,1,win2day:NN_W2D_STAT_EUML_2025.csv
2025-10-14,17000000,0,,win2day:NN_W2D_STAT_EUML_2025.csv
2025-10-17,29398729,0,,win2day:NN_W2D_STAT_EUML_2025.csv
2025-10-21,39082377,0,,win2day:NN_W2D_STAT_EUML_2025.csv
2025-10-24,52225105,0,,win2day:NN_W2D_STAT_EUML_2025.csv
2025-10-28,62577973,0,,win2day:NN_W2D_STAT_EUML_2025.csv
2025-10-31,75635350,0,,win2day:NN_W2D_STAT_EUML_2025.csv
2025-11-04,85169986,0,,win2day:NN_W2D_STAT_EUML_2025.csv
2025-11-07,98027154,0,,win2day:NN_W2D_STAT_EUML_2025.csv
2025-11-11,108416075,0,,win2day:NN_W2D_STAT_EUML_2025.csv
2025-11-14,122611491,0,,win2day:NN_W2D_STAT_EUML_2025.csv
2025-11-18,134404955,0,,win2day:NN_W2D_STAT_EUML_2025.csv
2025-11-21,149510047,0,,win2day:NN_W2D_STAT_EUML_2025.csv
2025-11-25,162134412,0,,win2day:NN_W2D_STAT_EUML_2025.csv
2025-11-28,178656733,1,1,win2day:NN_W2D_STAT_EUML_2025.csv
2025-12-02,17000000,0,,win2day:NN_W2D_STAT_EUML_2025.csv
2025-12-05,130000000,0,,win2day:NN_W2D_STAT_EUML_2025.csv
2025-12-09,142433804,1,1,win2day:NN_W2D_STAT_EUML_2025.csv
2025-12-12,17000000,1,1,win2day:NN_W2D_STAT_EUML_2025.csv
2025-12-16,17000000,0,,win2day:NN_W2D_STAT_EUML_2025.csv
2025-12-19,29984492,0,,win2day:NN_W2D_STAT_EUML_2025.csv
2025-12-23,41431999,0,,win2day:NN_W2D_STAT_EUML_2025.csv
2025-12-26,54026007,1,1,win2day:NN_W2D_STAT_EUML_2025.csv
2025-12-30,17000000,0,,win2day:NN_W2D_STAT_EUML_2025.csv
2026-01-02,30879489,0,,win2day:NN_W2D_STAT_EUML_2026.csv
2026-01-06,40421785,0,,win2day:NN_W2D_STAT_EUML_2026.csv
2026-01-09,53787880,0,,win2day:NN_W2D_STAT_EUML_2026.csv
2026-01-13,64537877,0,,win2day:NN_W2D_STAT_EUML_2026.csv
2026-01-16,77334733,0,,win2day:NN_W2D_STAT_EUML_2026.csv
2026-01-20,86841907,0,,win2day:NN_W2D_STAT_EUML_2026.csv
2026-01-23,99679547,0,,win2day:NN_W2D_STAT_EUML_2026.csv
2026-01-27,109599909,0,,win2day:NN_W2D_STAT_EUML_2026.csv
2026-01-30,123555827,1,1,win2day:NN_W2D_STAT_EUML_2026.csv
2026-02-03,17000000,0,,win2day:NN_W2D_STAT_EUML_2026.csv
2026-02-06,29158204,0,,win2day:NN_W2D_STAT_EUML_2026.csv
2026-02-10,38673991,0,,win2day:NN_W2D_STAT_EUML_2026.csv
2026-02-13,53818194,0,,win2day:NN_W2D_STAT_EUML_2026.csv
2026-02-17,64273804,0,,win2day:NN_W2D_STAT_EUML_2026.csv
2026-02-20,130000000,0,,win2day:NN_W2D_STAT_EUML_2026.csv
2026-02-24,142871092,0,,win2day:NN_W2D_STAT_EUML_2026.csv
2026-02-27,159922317,0,,win2day:NN_W2D_STAT_EUML_2026.csv
2026-03-03,174135420,0,,win2day:NN_W2D_STAT_EUML_2026.csv
2026-03-06,192898115,0,,win2day:NN_W2D_STAT_EUML_2026.csv
2026-03-10,209527211,1,1,win2day:NN_W2D_STAT_EUML_2026.csv
2026-03-13,17000000,0,,win2day:NN_W2D_STAT_EUML_2026.csv
2026-03-17,26669836,0,,win2day:NN_W2D_STAT_EUML_2026.csv
2026-03-20,39347116,0,,win2day:NN_W2D_STAT_EUML_2026.csv
2026-03-24,49282215,0,,win2day:NN_W2D_STAT_EUML_2026.csv
2026-03-27,62831918,0,,win2day:NN_W2D_STAT_EUML_2026.csv
2026-03-31,71981308,0,,win2day:NN_W2D_STAT_EUML_2026.csv
2026-04-03,83409093,0,,win2day:NN_W2D_STAT_EUML_2026.csv
2026-04-07,92558766,0,,win2day:NN_W2D_STAT_EUML_2026.csv
2026-04-10,105639574,0,,win2day:NN_W2D_STAT_EUML_2026.csv
2026-04-14,116712656,0,,win2day:NN_W2D_STAT_EUML_2026.csv
2026-04-17,132281195,0,,win2day:NN_W2D_STAT_EUML_2026.csv
2026-04-21,48175066,1,3,win2day:NN_W2D_STAT_EUML_2026.csv
2026-04-24,17000000,0,,win2day:NN_W2D_STAT_EUML_2026.csv
2026-04-28,26211265,0,,win2day:NN_W2D_STAT_EUML_2026.csv
2026-05-01,39355091,0,,win2day:NN_W2D_STAT_EUML_2026.csv
2026-05-05,49453598,0,,win2day:NN_W2D_STAT_EUML_2026.csv
2026-05-08,62875957,0,,win2day:NN_W2D_STAT_EUML_2026.csv
2026-05-12,71851521,0,,win2day:NN_W2D_STAT_EUML_2026.csv
2026-05-15,83287332,0,,win2day:NN_W2D_STAT_EUML_2026.csv
2026-05-19,92722476,0,,win2day:NN_W2D_STAT_EUML_2026.csv
2026-05-22,105432709,0,,win2day:NN_W2D_STAT_EUML_2026.csv
2026-05-26,115489592,0,,win2day:NN_W2D_STAT_EUML_2026.csv
2026-05-29,129806398,0,,win2day:NN_W2D_STAT_EUML_2026.csv
2026-06-02,142961066,0,,win2day:NN_W2D_STAT_EUML_2026.csv
2026-06-05,160606603,0,,win2day:NN_W2D_STAT_EUML_2026.csv
2026-06-09,174984088,1,1,win2day:NN_W2D_STAT_EUML_2026.csv
