Ziehungstag;Zahl1;Zahl2;Zahl3;Zahl4;Zahl5;Stern1;Stern2;Rang;Zahlen;Sterne;Europa;Österreich;Quoten;
Di. 02.01.2024;7;15;18;46;49;10;12;1;5;2;JP;JP;  40.104.043,00;
;;;;;;;;2;5;1;           0;           0;wird dem Rang 5+0 zugeschlagen;
;;;;;;;;3;5;0;           5;           0;     123.090,60;
;;;;;;;;4;4;2;           6;           1;       6.052,50;
;;;;;;;;5;4;1;         404;          25;         165,50;
;;;;;;;;6;3;2;         822;          57;          86,00;
;;;;;;;;7;4;0;       1.142;          53;          43,50;
;;;;;;;;8;2;2;      12.774;         787;          19,40;
;;;;;;;;9;3;1;      19.434;       1.227;          14,20;
;;;;;;;;10;3;0;      54.361;       2.891;           9,40;
;;;;;;;;11;1;2;      67.547;       4.465;           9,20;
;;;;;;;;12;2;1;     286.826;      17.248;           6,80;
;;;;;;;;13;2;0;     841.787;      43.445;           3,70;
Fr. 05.01.2024;4;7;18;39;50;3;8;1;5;2;JP;JP;  53.860.692,50;
;;;;;;;;2;5;1;           2;           0;     359.048,50;
;;;;;;;;3;5;0;           7;           1;      23.975,80;
;;;;;;;;4;4;2;          59;           2;         886,00;
;;;;;;;;5;4;1;         749;          36;         128,50;
;;;;;;;;6;3;2;       2.001;          96;          50,80;
;;;;;;;;7;4;0;       1.713;          90;          41,70;
;;;;;;;;8;2;2;      32.990;       1.495;          10,80;
;;;;;;;;9;3;1;      35.938;       1.852;          11,10;
;;;;;;;;10;3;0;      77.956;       4.125;           9,50;
;;;;;;;;11;1;2;     166.715;       7.627;           5,30;
;;;;;;;;12;2;1;     538.106;      26.531;           5,20;
;;;;;;;;13;2;0;   1.133.782;      57.364;           4,00;
Di. 09.01.2024;2;9;12;39;40;1;3;1;5;2;JP;JP;  64.655.929,70;
;;;;;;;;2;5;1;           1;           0;     563.511,30;
;;;;;;;;3;5;0;           7;           0;      18.814,50;
;;;;;;;;4;4;2;          19;           2;       2.159,00;
;;;;;;;;5;4;1;         572;          34;         132,10;
;;;;;;;;6;3;2;       1.256;          84;          63,60;
;;;;;;;;7;4;0;       1.323;          62;          42,40;
;;;;;;;;8;2;2;      19.412;       1.174;          14,40;
;;;;;;;;9;3;1;      27.088;       1.527;          11,50;
;;;;;;;;10;3;0;      60.687;       3.345;           9,60;
;;;;;;;;11;1;2;     100.262;       5.755;           7,00;
;;;;;;;;12;2;1;     407.111;      22.211;           5,40;
;;;;;;;;13;2;0;     904.413;      48.172;           3,90;
Fr. 12.01.2024;16;17;18;45;49;9;12;1;5;2;JP;JP;  78.232.869,20;
;;;;;;;;2;5;1;           3;           0;     281.236,60;
;;;;;;;;3;5;0;          10;           1;      19.718,80;
;;;;;;;;4;4;2;          41;           2;       1.498,00;
;;;;;;;;5;4;1;         674;          36;         167,80;
;;;;;;;;6;3;2;       1.434;          60;          83,40;
;;;;;;;;7;4;0;       1.682;         104;          49,90;
;;;;;;;;8;2;2;      22.939;       1.104;          18,30;
;;;;;;;;9;3;1;      33.053;       1.616;          14,10;
;;;;;;;;10;3;0;      78.911;       3.689;          11,00;
;;;;;;;;11;1;2;     125.191;       6.150;           8,40;
;;;;;;;;12;2;1;     531.557;      23.901;           6,20;
;;;;;;;;13;2;0;   1.282.524;      56.379;           4,10;
Di. 16.01.2024;10;18;21;33;45;8;12;1;5;2;           1;           0;  87.952.574,00;
;;;;;;;;2;5;1;           3;           0;     201.336,70;
;;;;;;;;3;5;0;          22;           1;       6.416,60;
;;;;;;;;4;4;2;          30;           1;       1.465,60;
;;;;;;;;5;4;1;         858;          38;          94,40;
;;;;;;;;6;3;2;       1.203;          74;          71,10;
;;;;;;;;7;4;0;       2.054;         101;          29,20;
;;;;;;;;8;2;2;      16.758;       1.081;          17,90;
;;;;;;;;9;3;1;      30.461;       1.678;          11,00;
;;;;;;;;10;3;0;      76.506;       4.096;           8,10;
;;;;;;;;11;1;2;      87.790;       5.629;           8,60;
;;;;;;;;12;2;1;     410.612;      23.705;           5,80;
;;;;;;;;13;2;0;   1.035.293;      57.499;           3,70;
Fr. 19.01.2024;27;28;44;48;50;7;12;1;5;2;           1;           0;  17.000.000,00;
;;;;;;;;2;5;1;           3;           0;     215.402,70;
;;;;;;;;3;5;0;           5;           0;      30.205,90;
;;;;;;;;4;4;2;          27;           0;       1.742,20;
;;;;;;;;5;4;1;         515;          23;         168,20;
;;;;;;;;6;3;2;       1.212;          67;          75,50;
;;;;;;;;7;4;0;       1.228;          58;          52,40;
;;;;;;;;8;2;2;      17.992;         885;          17,80;
;;;;;;;;9;3;1;      26.591;       1.267;          13,50;
;;;;;;;;10;3;0;      59.382;       2.786;          11,20;
;;;;;;;;11;1;2;      97.560;       4.579;           8,20;
;;;;;;;;12;2;1;     414.068;      18.625;           6,10;
;;;;;;;;13;2;0;     952.524;      43.142;           4,30;
Di. 23.01.2024;14;23;39;48;50;3;12;1;5;2;JP;JP;  17.000.000,00;
;;;;;;;;2;5;1;           1;           0;     482.958,10;
;;;;;;;;3;5;0;           2;           1;      56.437,60;
;;;;;;;;4;4;2;          18;           0;       1.953,20;
;;;;;;;;5;4;1;         451;          26;         143,60;
;;;;;;;;6;3;2;         917;          68;          74,60;
;;;;;;;;7;4;0;       1.142;          61;          42,10;
;;;;;;;;8;2;2;      13.501;         938;          17,80;
;;;;;;;;9;3;1;      21.242;       1.326;          12,60;
;;;;;;;;10;3;0;      48.410;       2.830;          10,30;
;;;;;;;;11;1;2;      68.707;       4.242;           8,80;
;;;;;;;;12;2;1;     315.496;      18.014;           6,00;
;;;;;;;;13;2;0;     725.468;      39.887;           4,20;
Fr. 26.01.2024;8;19;32;41;42;9;12;1;5;2;JP;JP; 130.000.000,00;
;;;;;;;;2;5;1;           9;           0;     146.288,80;
;;;;;;;;3;5;0;           8;           0;      38.463,80;
;;;;;;;;4;4;2;          51;           4;       1.879,30;
;;;;;;;;5;4;1;       1.288;          75;         137,00;
;;;;;;;;6;3;2;       2.523;         158;          73,90;
;;;;;;;;7;4;0;       3.026;         175;          43,30;
;;;;;;;;8;2;2;      36.883;       2.108;          17,70;
;;;;;;;;9;3;1;      57.510;       3.077;          12,70;
;;;;;;;;10;3;0;     140.388;       7.501;           9,70;
;;;;;;;;11;1;2;     200.543;      11.184;           8,20;
;;;;;;;;12;2;1;     846.899;      44.561;           6,10;
;;;;;;;;13;2;0;   2.087.605;     106.330;           4,00;
Di. 30.01.2024;5;10;19;27;30;5;6;1;5;2;           2;           0;  72.274.808,00;
;;;;;;;;2;5;1;          11;           0;      82.195,80;
;;;;;;;;3;5;0;          22;           0;       9.605,20;
;;;;;;;;4;4;2;          83;           3;         793,00;
;;;;;;;;5;4;1;       1.933;          73;          62,70;
;;;;;;;;6;3;2;       3.057;         131;          41,90;
;;;;;;;;7;4;0;       3.570;         149;          25,20;
;;;;;;;;8;2;2;      36.427;       1.795;          12,30;
;;;;;;;;9;3;1;      68.776;       2.952;           7,30;
;;;;;;;;10;3;0;     129.934;       6.066;           7,10;
;;;;;;;;11;1;2;     167.646;       9.051;           6,70;
;;;;;;;;12;2;1;     806.112;      37.929;           4,40;
;;;;;;;;13;2;0;   1.601.176;      80.208;           3,50;
Fr. 02.02.2024;13;20;23;27;42;5;9;1;5;2;JP;JP;  17.000.000,00;
;;;;;;;;2;5;1;           4;           0;     171.330,20;
;;;;;;;;3;5;0;           7;           0;      22.881,50;
;;;;;;;;4;4;2;          93;           3;         536,40;
;;;;;;;;5;4;1;       1.155;          40;          79,50;
;;;;;;;;6;3;2;       2.846;          79;          34,10;
;;;;;;;;7;4;0;       2.593;          84;          26,30;
;;;;;;;;8;2;2;      36.285;       1.242;           9,40;
;;;;;;;;9;3;1;      45.275;       1.600;           8,40;
;;;;;;;;10;3;0;      96.147;       3.775;           7,30;
;;;;;;;;11;1;2;     171.481;       6.220;           5,00;
;;;;;;;;12;2;1;     587.629;      22.660;           4,60;
;;;;;;;;13;2;0;   1.199.431;      50.041;           3,60;
Di. 06.02.2024;2;7;21;28;45;5;11;1;5;2;JP;JP;  26.671.242,90;
;;;;;;;;2;5;1;           2;           0;     252.419,40;
;;;;;;;;3;5;0;           6;           0;      19.664,80;
;;;;;;;;4;4;2;          30;           1;       1.225,00;
;;;;;;;;5;4;1;         699;          27;          96,80;
;;;;;;;;6;3;2;       1.327;          72;          53,90;
;;;;;;;;7;4;0;       1.599;          74;          31,40;
;;;;;;;;8;2;2;      18.003;         925;          13,90;
;;;;;;;;9;3;1;      29.688;       1.418;           9,40;
;;;;;;;;10;3;0;      68.863;       3.152;           7,50;
;;;;;;;;11;1;2;      89.461;       4.939;           7,00;
;;;;;;;;12;2;1;     388.042;      18.633;           5,10;
;;;;;;;;13;2;0;     890.199;      42.518;           3,60;
Fr. 09.02.2024;23;24;35;37;45;9;12;1;5;2;JP;JP;  39.863.291,50;
;;;;;;;;2;5;1;           1;           0;     688.624,90;
;;;;;;;;3;5;0;           4;           1;      40.235,70;
;;;;;;;;4;4;2;          19;           1;       2.638,40;
;;;;;;;;5;4;1;         600;          26;         153,90;
;;;;;;;;6;3;2;       1.209;          69;          80,70;
;;;;;;;;7;4;0;       1.310;          61;          52,30;
;;;;;;;;8;2;2;      18.226;         879;          18,80;
;;;;;;;;9;3;1;      27.565;       1.284;          13,80;
;;;;;;;;10;3;0;      67.644;       3.168;          10,50;
;;;;;;;;11;1;2;     101.495;       4.753;           8,50;
;;;;;;;;12;2;1;     421.884;      18.851;           6,40;
;;;;;;;;13;2;0;   1.039.739;      46.105;           4,20;
Di. 13.02.2024;13;17;18;20;46;4;9;1;5;2;JP;JP;  50.200.267,60;
;;;;;;;;2;5;1;           2;           0;     269.795,00;
;;;;;;;;3;5;0;           6;           1;      21.018,50;
;;;;;;;;4;4;2;          34;           1;       1.155,30;
;;;;;;;;5;4;1;         550;          24;         131,50;
;;;;;;;;6;3;2;       1.598;          62;          47,80;
;;;;;;;;7;4;0;       1.261;          61;          42,60;
;;;;;;;;8;2;2;      24.766;         993;          10,80;
;;;;;;;;9;3;1;      26.919;       1.277;          11,10;
;;;;;;;;10;3;0;      58.929;       2.836;           9,40;
;;;;;;;;11;1;2;     131.538;       5.816;           5,10;
;;;;;;;;12;2;1;     406.778;      20.004;           5,20;
;;;;;;;;13;2;0;     898.873;      44.112;           3,80;
Fr. 16.02.2024;8;13;14;24;26;1;2;1;5;2;JP;JP;  64.205.787,70;
;;;;;;;;2;5;1;           2;           0;     365.544,00;
;;;;;;;;3;5;0;          13;           0;      13.143,60;
;;;;;;;;4;4;2;          54;           3;         985,50;
;;;;;;;;5;4;1;       1.118;          46;          87,60;
;;;;;;;;6;3;2;       1.891;          76;          54,80;
;;;;;;;;7;4;0;       2.500;          84;          29,10;
;;;;;;;;8;2;2;      24.074;       1.129;          15,10;
;;;;;;;;9;3;1;      45.869;       1.798;           8,80;
;;;;;;;;10;3;0;     102.828;       4.170;           7,30;
;;;;;;;;11;1;2;     118.061;       6.383;           7,70;
;;;;;;;;12;2;1;     592.332;      25.990;           4,80;
;;;;;;;;13;2;0;   1.341.440;      57.864;           3,40;
Di. 20.02.2024;23;31;37;42;48;3;7;1;5;2;           1;           0;  73.448.160,00;
;;;;;;;;2;5;1;           4;           0;     143.586,80;
;;;;;;;;3;5;0;           3;           0;      44.744,80;
;;;;;;;;4;4;2;          42;           0;         995,40;
;;;;;;;;5;4;1;         520;          29;         148,10;
;;;;;;;;6;3;2;       1.974;          91;          41,20;
;;;;;;;;7;4;0;       1.091;          68;          52,40;
;;;;;;;;8;2;2;      29.695;       1.345;           9,60;
;;;;;;;;9;3;1;      26.063;       1.595;          12,20;
;;;;;;;;10;3;0;      53.216;       3.234;          11,10;
;;;;;;;;11;1;2;     167.972;       7.517;           4,20;
;;;;;;;;12;2;1;     400.597;      22.458;           5,60;
;;;;;;;;13;2;0;     793.739;      47.977;           4,50;
Fr. 23.02.2024;24;27;28;30;49;1;12;1;5;2;JP;JP;  17.000.000,00;
;;;;;;;;2;5;1;           0;           0;wird dem Rang 5+0 zugeschlagen;
;;;;;;;;3;5;0;           5;           0;     155.533,60;
;;;;;;;;4;4;2;          24;           0;       1.911,90;
;;;;;;;;5;4;1;         499;          26;         169,30;
;;;;;;;;6;3;2;       1.161;          60;          76,90;
;;;;;;;;7;4;0;       1.231;          41;          51,00;
;;;;;;;;8;2;2;      17.444;         787;          17,90;
;;;;;;;;9;3;1;      24.559;       1.169;          14,20;
;;;;;;;;10;3;0;      66.563;       2.741;           9,70;
;;;;;;;;11;1;2;      95.080;       4.227;           8,30;
;;;;;;;;12;2;1;     371.425;      17.004;           6,60;
;;;;;;;;13;2;0;   1.049.508;      41.844;           3,80;
Di. 27.02.2024;3;4;9;12;20;5;6;1;5;2;JP;JP;  26.481.831,70;
;;;;;;;;2;5;1;           8;           1;      61.868,90;
;;;;;;;;3;5;0;          10;           1;      11.567,80;
;;;;;;;;4;4;2;          37;           2;         973,80;
;;;;;;;;5;4;1;       1.053;          24;          63,00;
;;;;;;;;6;3;2;       1.701;          66;          41,20;
;;;;;;;;7;4;0;       2.348;         114;          20,90;
;;;;;;;;8;2;2;      19.655;         909;          12,50;
;;;;;;;;9;3;1;      37.856;       1.532;           7,20;
;;;;;;;;10;3;0;      77.533;       3.360;           6,60;
;;;;;;;;11;1;2;      92.139;       4.450;           6,70;
;;;;;;;;12;2;1;     449.963;      19.171;           4,30;
;;;;;;;;13;2;0;     905.443;      42.083;           3,40;
Fr. 01.03.2024;4;7;19;20;34;2;4;1;5;2;JP;JP;  39.478.163,40;
;;;;;;;;2;5;1;           4;           0;     169.602,10;
;;;;;;;;3;5;0;           9;           0;      17.617,20;
;;;;;;;;4;4;2;          58;           2;         851,40;
;;;;;;;;5;4;1;       1.001;          37;          90,80;
;;;;;;;;6;3;2;       2.268;          97;          42,40;
;;;;;;;;7;4;0;       1.890;          80;          35,70;
;;;;;;;;8;2;2;      30.073;       1.240;          11,20;
;;;;;;;;9;3;1;      43.849;       1.813;           8,50;
;;;;;;;;10;3;0;      84.586;       3.661;           8,20;
;;;;;;;;11;1;2;     138.480;       5.840;           6,10;
;;;;;;;;12;2;1;     573.714;      24.147;           4,60;
;;;;;;;;13;2;0;   1.169.473;      50.515;           3,60;
Di. 05.03.2024;2;15;17;23;36;3;8;1;5;2;JP;JP;  49.724.672,70;
;;;;;;;;2;5;1;           2;           0;     267.433,80;
;;;;;;;;3;5;0;           7;           0;      17.858,20;
;;;;;;;;4;4;2;          34;           1;       1.145,10;
;;;;;;;;5;4;1;         746;          40;          96,10;
;;;;;;;;6;3;2;       1.869;          93;          40,50;
;;;;;;;;7;4;0;       1.509;          76;          35,30;
;;;;;;;;8;2;2;      26.006;       1.147;          10,20;
;;;;;;;;9;3;1;      31.466;       1.443;           9,40;
;;;;;;;;10;3;0;      63.100;       3.075;           8,70;
;;;;;;;;11;1;2;     129.369;       5.854;           5,10;
;;;;;;;;12;2;1;     437.488;      20.940;           4,80;
;;;;;;;;13;2;0;     879.843;      44.628;           3,80;
Fr. 08.03.2024;8;11;12;16;44;4;7;1;5;2;JP;JP;  63.706.418,50;
;;;;;;;;2;5;1;           1;           0;     729.847,10;
;;;;;;;;3;5;0;           9;           0;      18.953,00;
;;;;;;;;4;4;2;          48;           1;       1.106,80;
;;;;;;;;5;4;1;         981;          45;          99,70;
;;;;;;;;6;3;2;       2.566;          94;          40,30;
;;;;;;;;7;4;0;       1.867;          81;          38,90;
;;;;;;;;8;2;2;      37.704;       1.354;           9,60;
;;;;;;;;9;3;1;      44.407;       1.829;           9,10;
;;;;;;;;10;3;0;      88.672;       3.822;           8,50;
;;;;;;;;11;1;2;     182.988;       7.003;           4,90;
;;;;;;;;12;2;1;     615.114;      25.069;           4,60;
;;;;;;;;13;2;0;   1.244.791;      53.616;           3,70;
Di. 12.03.2024;13;19;30;38;46;4;12;1;5;2;JP;JP;  72.905.621,60;
;;;;;;;;2;5;1;           2;           0;     285.832,30;
;;;;;;;;3;5;0;           4;           1;      33.401,80;
;;;;;;;;4;4;2;          20;           0;       2.080,70;
;;;;;;;;5;4;1;         561;          33;         136,60;
;;;;;;;;6;3;2;       1.026;          71;          78,90;
;;;;;;;;7;4;0;       1.325;          74;          42,90;
;;;;;;;;8;2;2;      15.548;       1.006;          18,30;
;;;;;;;;9;3;1;      25.020;       1.589;          12,60;
;;;;;;;;10;3;0;      62.934;       3.648;           9,30;
;;;;;;;;11;1;2;      81.999;       5.311;           8,70;
;;;;;;;;12;2;1;     363.360;      21.570;           6,20;
;;;;;;;;13;2;0;     934.872;      52.850;           3,80;
Fr. 15.03.2024;1;4;31;34;40;4;5;1;5;2;           1;           0; 130.000.000,00;
;;;;;;;;2;5;1;           3;           0;     420.494,80;
;;;;;;;;3;5;0;          11;           1;      26.802,70;
;;;;;;;;4;4;2;          47;           0;       1.953,80;
;;;;;;;;5;4;1;       1.053;          57;         160,60;
;;;;;;;;6;3;2;       2.762;         128;          64,70;
;;;;;;;;7;4;0;       2.273;         130;          55,20;
;;;;;;;;8;2;2;      40.123;       2.218;          15,60;
;;;;;;;;9;3;1;      53.453;       2.926;          13,10;
;;;;;;;;10;3;0;     111.082;       6.640;          11,70;
;;;;;;;;11;1;2;     220.823;      11.965;           7,10;
;;;;;;;;12;2;1;     855.579;      44.676;           5,80;
;;;;;;;;13;2;0;   1.770.373;      99.413;           4,50;
Di. 19.03.2024;7;16;18;20;32;1;3;1;5;2;JP;JP;  17.000.000,00;
;;;;;;;;2;5;1;           3;           0;     156.244,20;
;;;;;;;;3;5;0;           6;           0;      18.258,40;
;;;;;;;;4;4;2;          23;           0;       1.483,50;
;;;;;;;;5;4;1;         648;          29;          97,00;
;;;;;;;;6;3;2;       1.238;          67;          53,60;
;;;;;;;;7;4;0;       1.401;          53;          33,30;
;;;;;;;;8;2;2;      17.254;         900;          13,50;
;;;;;;;;9;3;1;      26.685;       1.298;           9,70;
;;;;;;;;10;3;0;      59.872;       2.779;           8,00;
;;;;;;;;11;1;2;      87.492;       4.672;           6,70;
;;;;;;;;12;2;1;     365.158;      17.785;           5,00;
;;;;;;;;13;2;0;     803.809;      38.622;           3,70;
Fr. 22.03.2024;8;11;23;32;44;9;10;1;5;2;JP;JP;  29.416.867,10;
;;;;;;;;2;5;1;          12;           0;      54.013,30;
;;;;;;;;3;5;0;          28;           0;       5.410,20;
;;;;;;;;4;4;2;          37;           1;       1.275,20;
;;;;;;;;5;4;1;       1.226;          45;          70,80;
;;;;;;;;6;3;2;       1.275;          67;          72,00;
;;;;;;;;7;4;0;       2.946;         109;          21,90;
;;;;;;;;8;2;2;      17.390;         785;          18,50;
;;;;;;;;9;3;1;      38.488;       1.578;           9,30;
;;;;;;;;10;3;0;      93.918;       3.899;           7,10;
;;;;;;;;11;1;2;      89.886;       4.494;           9,00;
;;;;;;;;12;2;1;     483.588;      20.761;           5,20;
;;;;;;;;13;2;0;   1.176.361;      49.028;           3,50;
Di. 26.03.2024;2;13;14;26;29;5;6;1;5;2;JP;JP;  38.982.716,80;
;;;;;;;;2;5;1;           5;           0;      99.867,40;
;;;;;;;;3;5;0;           5;           0;      23.340,60;
;;;;;;;;4;4;2;          38;           1;         956,50;
;;;;;;;;5;4;1;         843;          27;          79,40;
;;;;;;;;6;3;2;       1.400;          53;          50,50;
;;;;;;;;7;4;0;       1.676;          66;          29,60;
;;;;;;;;8;2;2;      19.001;         814;          13,00;
;;;;;;;;9;3;1;      33.176;       1.386;           8,30;
;;;;;;;;10;3;0;      65.640;       2.891;           7,80;
;;;;;;;;11;1;2;      93.205;       4.772;           6,70;
;;;;;;;;12;2;1;     427.543;      19.388;           4,60;
;;;;;;;;13;2;0;     850.599;      41.222;           3,70;
Fr. 29.03.2024;16;17;35;36;49;1;10;1;5;2;JP;JP;  52.158.877,00;
;;;;;;;;2;5;1;           1;           0;     687.795,50;
;;;;;;;;3;5;0;           6;           0;      26.791,50;
;;;;;;;;4;4;2;          24;           1;       2.086,20;
;;;;;;;;5;4;1;         588;          39;         156,80;
;;;;;;;;6;3;2;       1.135;          80;          85,90;
;;;;;;;;7;4;0;       1.289;          87;          53,10;
;;;;;;;;8;2;2;      17.335;       1.006;          19,70;
;;;;;;;;9;3;1;      25.345;       1.416;          15,00;
;;;;;;;;10;3;0;      63.117;       3.399;          11,20;
;;;;;;;;11;1;2;      96.601;       5.594;           8,90;
;;;;;;;;12;2;1;     390.707;      21.164;           6,90;
;;;;;;;;13;2;0;   1.018.156;      50.389;           4,20;
Di. 02.04.2024;1;23;31;36;48;5;8;1;5;2;JP;JP;  61.841.232,70;
;;;;;;;;2;5;1;           0;           0;wird dem Rang 5+0 zugeschlagen;
;;;;;;;;3;5;0;           2;           0;     311.771,80;
;;;;;;;;4;4;2;          24;           1;       1.533,00;
;;;;;;;;5;4;1;         406;          27;         166,90;
;;;;;;;;6;3;2;       1.272;          79;          56,30;
;;;;;;;;7;4;0;         893;          42;          56,30;
;;;;;;;;8;2;2;      20.899;         931;          12,00;
;;;;;;;;9;3;1;      21.138;       1.165;          13,20;
;;;;;;;;10;3;0;      45.917;       2.602;          11,30;
;;;;;;;;11;1;2;     122.707;       5.205;           5,10;
;;;;;;;;12;2;1;     332.177;      16.980;           6,00;
;;;;;;;;13;2;0;     711.622;      38.067;           4,50;
Fr. 05.04.2024;13;18;26;35;37;8;11;1;5;2;JP;JP;  73.573.473,20;
;;;;;;;;2;5;1;           2;           0;     364.537,40;
;;;;;;;;3;5;0;          13;           0;      13.107,40;
;;;;;;;;4;4;2;          41;           1;       1.294,40;
;;;;;;;;5;4;1;         790;          33;         123,70;
;;;;;;;;6;3;2;       1.521;          68;          67,90;
;;;;;;;;7;4;0;       1.804;          84;          40,20;
;;;;;;;;8;2;2;      22.405;       1.125;          16,20;
;;;;;;;;9;3;1;      34.693;       1.757;          11,60;
;;;;;;;;10;3;0;      81.880;       3.922;           9,20;
;;;;;;;;11;1;2;     116.993;       6.221;           7,80;
;;;;;;;;12;2;1;     500.313;      23.959;           5,70;
;;;;;;;;13;2;0;   1.187.042;      55.212;           3,90;
Di. 09.04.2024;19;23;26;27;46;2;10;1;5;2;JP;JP;  82.919.693,00;
;;;;;;;;2;5;1;           0;           0;wird dem Rang 5+0 zugeschlagen;
;;;;;;;;3;5;0;           5;           0;     143.308,70;
;;;;;;;;4;4;2;          27;           0;       1.565,90;
;;;;;;;;5;4;1;         578;          35;         134,70;
;;;;;;;;6;3;2;       1.290;          76;          63,80;
;;;;;;;;7;4;0;       1.382;          69;          41,80;
;;;;;;;;8;2;2;      19.907;       1.010;          14,50;
;;;;;;;;9;3;1;      29.808;       1.540;          10,80;
;;;;;;;;10;3;0;      69.641;       3.551;           8,60;
;;;;;;;;11;1;2;     102.086;       5.658;           7,10;
;;;;;;;;12;2;1;     427.979;      23.177;           5,30;
;;;;;;;;13;2;0;   1.007.228;      52.223;           3,60;
Fr. 12.04.2024;2;3;12;16;45;2;11;1;5;2;JP;JP;  95.455.076,60;
;;;;;;;;2;5;1;           2;           1;     389.492,20;
;;;;;;;;3;5;0;           8;           0;      22.757,60;
;;;;;;;;4;4;2;          37;           6;       1.532,60;
;;;;;;;;5;4;1;         847;          42;         123,30;
;;;;;;;;6;3;2;       1.862;          85;          59,30;
;;;;;;;;7;4;0;       1.841;          89;          42,10;
;;;;;;;;8;2;2;      26.529;       1.238;          14,60;
;;;;;;;;9;3;1;      39.506;       1.869;          10,90;
;;;;;;;;10;3;0;      89.196;       4.095;           9,00;
;;;;;;;;11;1;2;     138.497;       6.687;           7,00;
;;;;;;;;12;2;1;     566.236;      27.231;           5,40;
;;;;;;;;13;2;0;   1.318.782;      60.928;           3,70;
Di. 16.04.2024;22;29;31;39;46;3;7;1;5;2;JP;JP; 106.321.539,70;
;;;;;;;;2;5;1;           2;           1;     337.636,50;
;;;;;;;;3;5;0;           5;           0;      31.564,40;
;;;;;;;;4;4;2;          44;           2;       1.117,20;
;;;;;;;;5;4;1;         601;          43;         150,60;
;;;;;;;;6;3;2;       1.918;         104;          49,90;
;;;;;;;;7;4;0;       1.451;         107;          46,30;
;;;;;;;;8;2;2;      31.921;       1.655;          10,50;
;;;;;;;;9;3;1;      29.654;       1.738;          12,60;
;;;;;;;;10;3;0;      61.758;       4.050;          11,30;
;;;;;;;;11;1;2;     188.726;       8.783;           4,40;
;;;;;;;;12;2;1;     460.357;      26.626;           5,70;
;;;;;;;;13;2;0;     940.834;      56.908;           4,50;
Fr. 19.04.2024;10;20;40;44;46;1;3;1;5;2;JP;JP; 121.428.316,50;
;;;;;;;;2;5;1;           1;           0;     938.778,20;
;;;;;;;;3;5;0;          11;           1;      19.946,10;
;;;;;;;;4;4;2;          39;           3;       1.752,30;
;;;;;;;;5;4;1;         918;          61;         137,10;
;;;;;;;;6;3;2;       1.995;          96;          66,70;
;;;;;;;;7;4;0;       2.069;         109;          45,10;
;;;;;;;;8;2;2;      28.576;       1.479;          16,30;
;;;;;;;;9;3;1;      44.084;       2.247;          11,80;
;;;;;;;;10;3;0;      96.956;       4.622;          10,00;
;;;;;;;;11;1;2;     160.692;       8.318;           7,30;
;;;;;;;;12;2;1;     604.285;      30.461;           6,10;
;;;;;;;;13;2;0;   1.364.068;      66.876;           4,30;
Di. 23.04.2024;6;9;11;32;49;2;10;1;5;2;JP;JP; 133.997.920,90;
;;;;;;;;2;5;1;           4;           0;     195.277,70;
;;;;;;;;3;5;0;           8;           0;      22.819,80;
;;;;;;;;4;4;2;          34;           3;       1.672,40;
;;;;;;;;5;4;1;         800;          56;         130,90;
;;;;;;;;6;3;2;       1.759;          84;          62,90;
;;;;;;;;7;4;0;       1.927;          90;          40,30;
;;;;;;;;8;2;2;      25.779;       1.562;          15,00;
;;;;;;;;9;3;1;      37.357;       2.299;          11,60;
;;;;;;;;10;3;0;      90.637;       4.994;           8,90;
;;;;;;;;11;1;2;     135.438;       8.092;           7,20;
;;;;;;;;12;2;1;     535.723;      31.305;           5,70;
;;;;;;;;13;2;0;   1.305.450;      72.310;           3,80;
Fr. 26.04.2024;2;20;39;40;47;4;8;1;5;2;JP;JP; 152.030.613,90;
;;;;;;;;2;5;1;           2;           0;     560.301,50;
;;;;;;;;3;5;0;          11;           0;      23.809,30;
;;;;;;;;4;4;2;          46;           2;       1.773,40;
;;;;;;;;5;4;1;         987;          47;         152,20;
;;;;;;;;6;3;2;       2.421;         110;          65,60;
;;;;;;;;7;4;0;       2.238;         114;          49,80;
;;;;;;;;8;2;2;      39.302;       2.056;          14,20;
;;;;;;;;9;3;1;      46.215;       2.633;          13,40;
;;;;;;;;10;3;0;     103.414;       5.811;          11,20;
;;;;;;;;11;1;2;     227.046;      11.038;           6,10;
;;;;;;;;12;2;1;     710.644;      37.220;           6,20;
;;;;;;;;13;2;0;   1.579.596;      82.498;           4,50;
Di. 30.04.2024;13;22;24;33;47;1;5;1;5;2;           1;           0; 166.790.050,00;
;;;;;;;;2;5;1;           8;           1;     114.649,10;
;;;;;;;;3;5;0;          13;           1;      16.489,40;
;;;;;;;;4;4;2;          68;           6;         981,80;
;;;;;;;;5;4;1;       1.385;          74;          88,80;
;;;;;;;;6;3;2;       2.517;         160;          51,60;
;;;;;;;;7;4;0;       3.144;         171;          29,00;
;;;;;;;;8;2;2;      33.591;       1.967;          13,60;
;;;;;;;;9;3;1;      51.784;       2.950;           9,80;
;;;;;;;;10;3;0;     117.948;       6.612;           8,00;
;;;;;;;;11;1;2;     165.534;       9.997;           6,90;
;;;;;;;;12;2;1;     688.604;      40.281;           5,20;
;;;;;;;;13;2;0;   1.549.560;      88.709;           3,70;
Fr. 03.05.2024;6;9;10;30;49;3;4;1;5;2;JP;JP;  17.000.000,00;
;;;;;;;;2;5;1;           3;           0;     211.741,00;
;;;;;;;;3;5;0;           8;           0;      18.557,70;
;;;;;;;;4;4;2;          24;           1;       1.926,70;
;;;;;;;;5;4;1;         816;          40;         104,30;
;;;;;;;;6;3;2;       1.569;          64;          57,30;
;;;;;;;;7;4;0;       1.610;          73;          39,30;
;;;;;;;;8;2;2;      21.715;         962;          14,50;
;;;;;;;;9;3;1;      35.764;       1.415;           9,80;
;;;;;;;;10;3;0;      75.020;       3.085;           8,70;
;;;;;;;;11;1;2;     109.236;       4.751;           7,20;
;;;;;;;;12;2;1;     508.536;      20.230;           4,90;
;;;;;;;;13;2;0;   1.027.342;      42.329;           3,90;
Di. 07.05.2024;35;36;41;42;45;6;11;1;5;2;JP;JP;  26.436.747,60;
;;;;;;;;2;5;1;           0;           0;wird dem Rang 5+0 zugeschlagen;
;;;;;;;;3;5;0;           3;           0;     202.575,50;
;;;;;;;;4;4;2;          21;           2;       1.707,60;
;;;;;;;;5;4;1;         346;          23;         190,90;
;;;;;;;;6;3;2;         841;          52;          83,00;
;;;;;;;;7;4;0;         804;          48;          61,00;
;;;;;;;;8;2;2;      13.572;         828;          18,00;
;;;;;;;;9;3;1;      16.490;       1.042;          16,50;
;;;;;;;;10;3;0;      38.152;       2.453;          13,30;
;;;;;;;;11;1;2;      77.930;       4.306;           7,90;
;;;;;;;;12;2;1;     272.183;      16.089;           7,10;
;;;;;;;;13;2;0;     627.708;      36.104;           4,90;
Fr. 10.05.2024;13;28;29;44;48;4;12;1;5;2;JP;JP;  38.735.490,70;
;;;;;;;;2;5;1;           3;           1;     213.998,10;
;;;;;;;;3;5;0;           6;           1;      25.007,40;
;;;;;;;;4;4;2;          18;           0;       2.596,40;
;;;;;;;;5;4;1;         629;          31;         136,80;
;;;;;;;;6;3;2;       1.241;          73;          73,30;
;;;;;;;;7;4;0;       1.499;          82;          42,60;
;;;;;;;;8;2;2;      18.174;         969;          17,50;
;;;;;;;;9;3;1;      28.133;       1.403;          12,60;
;;;;;;;;10;3;0;      72.372;       3.261;           9,10;
;;;;;;;;11;1;2;      93.179;       4.809;           8,60;
;;;;;;;;12;2;1;     415.055;      19.461;           6,10;
;;;;;;;;13;2;0;   1.067.762;      47.064;           3,80;
Di. 14.05.2024;2;8;17;28;35;7;9;1;5;2;           1;           0;  48.748.900,00;
;;;;;;;;2;5;1;           5;           0;     104.539,90;
;;;;;;;;3;5;0;           7;           0;      17.451,90;
;;;;;;;;4;4;2;          43;           5;         884,90;
;;;;;;;;5;4;1;         856;          45;          81,80;
;;;;;;;;6;3;2;       1.704;          75;          43,40;
;;;;;;;;7;4;0;       1.704;         104;          30,50;
;;;;;;;;8;2;2;      23.530;       1.076;          11,00;
;;;;;;;;9;3;1;      32.287;       1.588;           8,90;
;;;;;;;;10;3;0;      66.637;       3.440;           8,10;
;;;;;;;;11;1;2;     120.656;       5.475;           5,40;
;;;;;;;;12;2;1;     429.438;      20.720;           4,80;
;;;;;;;;13;2;0;     858.175;      45.390;           3,80;
Fr. 17.05.2024;18;31;32;41;46;1;10;1;5;2;JP;JP;  17.000.000,00;
;;;;;;;;2;5;1;           2;           0;     306.136,50;
;;;;;;;;3;5;0;           3;           0;      47.699,40;
;;;;;;;;4;4;2;          25;           2;       1.782,80;
;;;;;;;;5;4;1;         437;          16;         187,80;
;;;;;;;;6;3;2;       1.009;          43;          86,00;
;;;;;;;;7;4;0;       1.108;          33;          55,00;
;;;;;;;;8;2;2;      14.760;         715;          20,60;
;;;;;;;;9;3;1;      21.945;       1.028;          15,50;
;;;;;;;;10;3;0;      54.773;       2.437;          11,50;
;;;;;;;;11;1;2;      83.136;       4.045;           9,20;
;;;;;;;;12;2;1;     333.262;      15.691;           7,20;
;;;;;;;;13;2;0;     853.890;      36.610;           4,50;
Di. 21.05.2024;11;13;14;34;48;7;9;1;5;2;JP;JP;  25.835.023,40;
;;;;;;;;2;5;1;           1;           0;     461.188,20;
;;;;;;;;3;5;0;           5;           0;      21.557,40;
;;;;;;;;4;4;2;          33;           2;       1.017,30;
;;;;;;;;5;4;1;         447;          27;         138,30;
;;;;;;;;6;3;2;       1.264;          49;          51,70;
;;;;;;;;7;4;0;         919;          47;          49,90;
;;;;;;;;8;2;2;      20.234;         789;          11,30;
;;;;;;;;9;3;1;      22.989;       1.041;          11,10;
;;;;;;;;10;3;0;      45.943;       2.144;          10,30;
;;;;;;;;11;1;2;     109.565;       4.231;           5,20;
;;;;;;;;12;2;1;     362.186;      15.800;           5,00;
;;;;;;;;13;2;0;     707.727;      34.443;           4,10;
Fr. 24.05.2024;9;12;18;22;50;1;3;1;5;2;JP;JP;  38.150.340,70;
;;;;;;;;2;5;1;           2;           0;     321.429,70;
;;;;;;;;3;5;0;           6;           1;      25.041,10;
;;;;;;;;4;4;2;          29;           1;       1.613,70;
;;;;;;;;5;4;1;         803;          32;         107,30;
;;;;;;;;6;3;2;       1.757;          69;          51,80;
;;;;;;;;7;4;0;       1.760;          71;          36,30;
;;;;;;;;8;2;2;      24.731;       1.083;          12,90;
;;;;;;;;9;3;1;      37.089;       1.462;           9,60;
;;;;;;;;10;3;0;      79.991;       3.217;           8,30;
;;;;;;;;11;1;2;     120.936;       5.576;           6,60;
;;;;;;;;12;2;1;     512.888;      21.623;           4,90;
;;;;;;;;13;2;0;   1.114.599;      46.560;           3,60;
Di. 28.05.2024;16;18;35;36;41;6;7;1;5;2;JP;JP;  47.755.444,50;
;;;;;;;;2;5;1;           2;           0;     250.693,20;
;;;;;;;;3;5;0;          12;           0;       9.765,10;
;;;;;;;;4;4;2;          15;           1;       2.433,20;
;;;;;;;;5;4;1;         513;          33;         131,00;
;;;;;;;;6;3;2;         973;          31;          73,00;
;;;;;;;;7;4;0;         928;          55;          53,80;
;;;;;;;;8;2;2;      15.394;         839;          16,20;
;;;;;;;;9;3;1;      21.209;       1.143;          13,10;
;;;;;;;;10;3;0;      42.788;       2.550;          12,10;
;;;;;;;;11;1;2;      87.237;       4.430;           7,20;
;;;;;;;;12;2;1;     332.149;      17.490;           5,90;
;;;;;;;;13;2;0;     668.155;      38.192;           4,70;
Fr. 31.05.2024;4;7;16;33;34;7;8;1;5;2;JP;JP;  61.212.841,20;
;;;;;;;;2;5;1;           2;           0;     351.238,00;
;;;;;;;;3;5;0;           3;           0;      54.726,70;
;;;;;;;;4;4;2;          29;           1;       1.763,30;
;;;;;;;;5;4;1;         828;          35;         113,70;
;;;;;;;;6;3;2;       1.741;          75;          57,10;
;;;;;;;;7;4;0;       1.539;          64;          45,40;
;;;;;;;;8;2;2;      24.339;       1.040;          14,30;
;;;;;;;;9;3;1;      41.733;       1.726;           9,30;
;;;;;;;;10;3;0;      76.287;       3.261;           9,50;
;;;;;;;;11;1;2;     126.555;       5.597;           6,90;
;;;;;;;;12;2;1;     591.308;      23.664;           4,60;
;;;;;;;;13;2;0;   1.102.388;      49.978;           4,00;
Di. 04.06.2024;6;7;9;14;43;3;4;1;5;2;JP;JP;  70.207.868,90;
;;;;;;;;2;5;1;           2;           0;     279.488,30;
;;;;;;;;3;5;0;           7;           0;      18.663,10;
;;;;;;;;4;4;2;          26;           3;       1.565,00;
;;;;;;;;5;4;1;         647;          36;         115,80;
;;;;;;;;6;3;2;       1.608;          95;          49,20;
;;;;;;;;7;4;0;       1.443;          81;          38,50;
;;;;;;;;8;2;2;      20.966;       1.311;          13,20;
;;;;;;;;9;3;1;      33.014;       1.791;           9,40;
;;;;;;;;10;3;0;      67.722;       3.802;           8,50;
;;;;;;;;11;1;2;     100.326;       6.400;           6,90;
;;;;;;;;12;2;1;     473.384;      25.833;           4,60;
;;;;;;;;13;2;0;     948.932;      53.886;           3,70;
Fr. 07.06.2024;15;16;26;30;37;5;8;1;5;2;JP;JP; 130.000.000,00;
;;;;;;;;2;5;1;           9;           0;     136.127,50;
;;;;;;;;3;5;0;           5;           1;      57.267,40;
;;;;;;;;4;4;2;          79;           4;       1.128,90;
;;;;;;;;5;4;1;       1.312;          78;         125,20;
;;;;;;;;6;3;2;       3.821;         159;          45,40;
;;;;;;;;7;4;0;       2.910;         157;          41,90;
;;;;;;;;8;2;2;      56.573;       2.481;          10,70;
;;;;;;;;9;3;1;      60.826;       3.140;          11,10;
;;;;;;;;10;3;0;     127.695;       6.615;           9,90;
;;;;;;;;11;1;2;     294.555;      12.780;           5,20;
;;;;;;;;12;2;1;     885.563;      44.084;           5,40;
;;;;;;;;13;2;0;   1.876.170;      97.232;           4,10;
Di. 11.06.2024;7;15;34;45;48;7;9;1;5;2;JP;JP; 143.550.509,80;
;;;;;;;;2;5;1;           5;           0;     168.413,40;
;;;;;;;;3;5;0;          10;           0;      19.680,50;
;;;;;;;;4;4;2;          56;           4;       1.094,60;
;;;;;;;;5;4;1;         945;          52;         119,40;
;;;;;;;;6;3;2;       2.360;         107;          50,50;
;;;;;;;;7;4;0;       1.867;         108;          44,90;
;;;;;;;;8;2;2;      34.664;       1.605;          12,00;
;;;;;;;;9;3;1;      41.280;       2.174;          11,30;
;;;;;;;;10;3;0;      82.326;       4.846;          10,50;
;;;;;;;;11;1;2;     187.141;       9.444;           5,60;
;;;;;;;;12;2;1;     616.187;      32.701;           5,30;
;;;;;;;;13;2;0;   1.209.516;      70.948;           4,40;
Fr. 14.06.2024;2;13;16;24;32;1;7;1;5;2;JP;JP; 161.234.810,50;
;;;;;;;;2;5;1;          10;           2;     109.895,20;
;;;;;;;;3;5;0;          19;           3;      13.518,00;
;;;;;;;;4;4;2;          88;           3;         909,00;
;;;;;;;;5;4;1;       1.604;          67;          91,80;
;;;;;;;;6;3;2;       3.325;         140;          46,80;
;;;;;;;;7;4;0;       3.742;         165;          29,20;
;;;;;;;;8;2;2;      42.911;       2.133;          12,70;
;;;;;;;;9;3;1;      64.389;       2.923;           9,40;
;;;;;;;;10;3;0;     142.255;       6.770;           7,90;
;;;;;;;;11;1;2;     214.237;      10.787;           6,40;
;;;;;;;;12;2;1;     848.501;      40.436;           5,10;
;;;;;;;;13;2;0;   1.847.351;      92.903;           3,70;
Di. 18.06.2024;3;11;33;34;36;1;12;1;5;2;JP;JP; 176.125.263,60;
;;;;;;;;2;5;1;           5;           0;     185.067,00;
;;;;;;;;3;5;0;           6;           0;      36.044,30;
;;;;;;;;4;4;2;          41;           1;       1.642,90;
;;;;;;;;5;4;1;         800;          59;         155,10;
;;;;;;;;6;3;2;       1.713;         124;          76,50;
;;;;;;;;7;4;0;       2.029;         119;          45,40;
;;;;;;;;8;2;2;      26.555;       1.678;          17,30;
;;;;;;;;9;3;1;      36.552;       2.305;          14,00;
;;;;;;;;10;3;0;     101.523;       5.766;           9,40;
;;;;;;;;11;1;2;     143.991;       8.876;           8,00;
;;;;;;;;12;2;1;     553.256;      33.799;           6,60;
;;;;;;;;13;2;0;   1.534.807;      83.258;           3,80;
Fr. 21.06.2024;3;4;7;11;17;3;12;1;5;2;JP;JP; 195.721.466,20;
;;;;;;;;2;5;1;          14;           0;      86.983,10;
;;;;;;;;3;5;0;          44;           1;       6.468,40;
;;;;;;;;4;4;2;          74;           4;       1.197,90;
;;;;;;;;5;4;1;       3.055;         101;          53,40;
;;;;;;;;6;3;2;       3.238;         151;          53,30;
;;;;;;;;7;4;0;       6.419;         248;          18,80;
;;;;;;;;8;2;2;      40.818;       2.053;          14,80;
;;;;;;;;9;3;1;      91.280;       3.741;           7,40;
;;;;;;;;10;3;0;     204.607;       8.412;           6,10;
;;;;;;;;11;1;2;     198.681;      10.730;           7,60;
;;;;;;;;12;2;1;   1.030.776;      48.508;           4,60;
;;;;;;;;13;2;0;   2.392.296;     108.634;           3,20;
Di. 25.06.2024;14;16;37;45;49;5;7;1;5;2;           1;           0; 213.887.390,00;
;;;;;;;;2;5;1;           8;           1;     141.110,20;
;;;;;;;;3;5;0;          15;           1;      17.589,20;
;;;;;;;;4;4;2;          55;           4;       1.494,10;
;;;;;;;;5;4;1;       1.122;          61;         134,90;
;;;;;;;;6;3;2;       2.697;         144;          59,30;
;;;;;;;;7;4;0;       2.296;         126;          48,90;
;;;;;;;;8;2;2;      44.842;       2.270;          12,50;
;;;;;;;;9;3;1;      49.896;       2.981;          12,50;
;;;;;;;;10;3;0;     103.586;       6.550;          11,20;
;;;;;;;;11;1;2;     260.815;      11.838;           5,40;
;;;;;;;;12;2;1;     764.555;      43.668;           5,80;
;;;;;;;;13;2;0;   1.553.498;      95.125;           4,60;
Fr. 28.06.2024;10;16;18;22;35;1;10;1;5;2;JP;JP;  17.000.000,00;
;;;;;;;;2;5;1;           1;           0;     653.225,30;
;;;;;;;;3;5;0;           5;           0;      30.533,90;
;;;;;;;;4;4;2;          25;           1;       1.902,10;
;;;;;;;;5;4;1;         617;          30;         141,90;
;;;;;;;;6;3;2;       1.401;          78;          66,00;
;;;;;;;;7;4;0;       1.847;          63;          35,20;
;;;;;;;;8;2;2;      19.080;         911;          17,00;
;;;;;;;;9;3;1;      31.109;       1.360;          11,60;
;;;;;;;;10;3;0;      82.728;       3.236;           8,10;
;;;;;;;;11;1;2;      96.503;       4.780;           8,40;
;;;;;;;;12;2;1;     436.567;      19.121;           5,90;
;;;;;;;;13;2;0;   1.139.040;      44.924;           3,60;
Di. 02.07.2024;2;7;34;35;46;6;8;1;5;2;JP;JP;  26.534.527,70;
;;;;;;;;2;5;1;           2;           1;     248.851,10;
;;;;;;;;3;5;0;           2;           0;      58.160,60;
;;;;;;;;4;4;2;          21;           2;       1.725,20;
;;;;;;;;5;4;1;         396;          21;         168,50;
;;;;;;;;6;3;2;       1.009;          69;          69,90;
;;;;;;;;7;4;0;         972;          52;          51,00;
;;;;;;;;8;2;2;      16.589;         841;          14,90;
;;;;;;;;9;3;1;      20.357;       1.119;          13,50;
;;;;;;;;10;3;0;      46.192;       2.518;          11,10;
;;;;;;;;11;1;2;      96.176;       4.710;           6,40;
;;;;;;;;12;2;1;     327.200;      17.087;           6,00;
;;;;;;;;13;2;0;     735.440;      39.197;           4,30;
Fr. 05.07.2024;11;13;29;31;47;1;11;1;5;2;           1;           0;  39.132.032,00;
;;;;;;;;2;5;1;           6;           0;     109.598,20;
;;;;;;;;3;5;0;          14;           1;      10.977,80;
;;;;;;;;4;4;2;          45;           2;       1.063,70;
;;;;;;;;5;4;1;         847;          36;         104,10;
;;;;;;;;6;3;2;       1.591;          73;          58,50;
;;;;;;;;7;4;0;       2.056;          90;          31,80;
;;;;;;;;8;2;2;      20.981;       1.009;          15,60;
;;;;;;;;9;3;1;      32.900;       1.470;          11,10;
;;;;;;;;10;3;0;      83.957;       3.334;           8,10;
;;;;;;;;11;1;2;     100.491;       5.258;           8,10;
;;;;;;;;12;2;1;     448.978;      20.749;           5,70;
;;;;;;;;13;2;0;   1.150.742;      48.138;           3,60;
Di. 09.07.2024;6;15;19;28;39;7;11;1;5;2;JP;JP;  17.000.000,00;
;;;;;;;;2;5;1;           2;           0;     233.146,70;
;;;;;;;;3;5;0;           7;           0;      15.568,60;
;;;;;;;;4;4;2;          34;           2;         998,30;
;;;;;;;;5;4;1;         607;          28;         103,00;
;;;;;;;;6;3;2;       1.213;          61;          54,40;
;;;;;;;;7;4;0;       1.410;          72;          32,90;
;;;;;;;;8;2;2;      16.910;         803;          13,70;
;;;;;;;;9;3;1;      25.585;       1.223;          10,10;
;;;;;;;;10;3;0;      57.756;       2.692;           8,30;
;;;;;;;;11;1;2;      86.685;       4.060;           6,70;
;;;;;;;;12;2;1;     352.051;      16.470;           5,20;
;;;;;;;;13;2;0;     792.341;      37.643;           3,70;
Fr. 12.07.2024;12;18;24;25;39;8;10;1;5;2;JP;JP;  29.128.125,30;
;;;;;;;;2;5;1;           3;           0;     211.029,30;
;;;;;;;;3;5;0;           8;           0;      18.495,30;
;;;;;;;;4;4;2;          36;           2;       1.280,10;
;;;;;;;;5;4;1;         743;          29;         114,20;
;;;;;;;;6;3;2;       1.383;          50;          64,80;
;;;;;;;;7;4;0;       1.835;          81;          34,30;
;;;;;;;;8;2;2;      19.646;         841;          16,00;
;;;;;;;;9;3;1;      33.345;       1.335;          10,50;
;;;;;;;;10;3;0;      82.980;       3.247;           7,80;
;;;;;;;;11;1;2;      99.530;       4.448;           7,90;
;;;;;;;;12;2;1;     455.333;      19.005;           5,40;
;;;;;;;;13;2;0;   1.112.596;      45.256;           3,60;
Di. 16.07.2024;2;32;35;36;39;7;8;1;5;2;JP;JP;  38.567.423,90;
;;;;;;;;2;5;1;           1;           0;     492.731,30;
;;;;;;;;3;5;0;           5;           0;      23.031,80;
;;;;;;;;4;4;2;          18;           0;       1.992,70;
;;;;;;;;5;4;1;         371;          20;         178,00;
;;;;;;;;6;3;2;         859;          37;          81,30;
;;;;;;;;7;4;0;         795;          54;          61,70;
;;;;;;;;8;2;2;      13.715;         886;          17,80;
;;;;;;;;9;3;1;      18.872;       1.124;          14,50;
;;;;;;;;10;3;0;      39.280;       2.359;          12,90;
;;;;;;;;11;1;2;      80.470;       4.582;           7,60;
;;;;;;;;12;2;1;     309.957;      16.822;           6,20;
;;;;;;;;13;2;0;     619.066;      36.654;           5,00;
Fr. 19.07.2024;15;22;35;44;48;6;7;1;5;2;           2;           0;  26.181.999,00;
;;;;;;;;2;5;1;           3;           0;     240.060,30;
;;;;;;;;3;5;0;           3;           0;      56.106,00;
;;;;;;;;4;4;2;          42;           1;       1.248,20;
;;;;;;;;5;4;1;         851;          22;         113,40;
;;;;;;;;6;3;2;       1.582;          61;          64,50;
;;;;;;;;7;4;0;       1.790;          64;          40,00;
;;;;;;;;8;2;2;      23.538;       1.030;          15,20;
;;;;;;;;9;3;1;      36.053;       1.398;          11,00;
;;;;;;;;10;3;0;      71.874;       3.002;          10,30;
;;;;;;;;11;1;2;     128.931;       5.445;           6,90;
;;;;;;;;12;2;1;     513.956;      20.216;           5,50;
;;;;;;;;13;2;0;   1.033.719;      45.040;           4,40;
Di. 23.07.2024;4;8;10;16;34;4;8;1;5;2;JP;JP;  17.000.000,00;
;;;;;;;;2;5;1;           3;           0;     147.222,00;
;;;;;;;;3;5;0;           7;           1;      14.746,30;
;;;;;;;;4;4;2;          76;           2;         423,00;
;;;;;;;;5;4;1;         630;          23;          94,00;
;;;;;;;;6;3;2;       2.862;         101;          21,80;
;;;;;;;;7;4;0;       1.240;          63;          35,40;
;;;;;;;;8;2;2;      25.377;         986;           8,60;
;;;;;;;;9;3;1;      28.739;       1.267;           8,50;
;;;;;;;;10;3;0;      54.425;       2.555;           8,30;
;;;;;;;;11;1;2;      97.862;       4.328;           5,60;
;;;;;;;;12;2;1;     359.529;      16.814;           4,80;
;;;;;;;;13;2;0;     731.173;      35.225;           3,80;
Fr. 26.07.2024;4;19;23;35;37;4;8;1;5;2;           1;           0;  28.649.442,00;
;;;;;;;;2;5;1;           4;           1;     152.025,20;
;;;;;;;;3;5;0;          10;           0;      14.212,30;
;;;;;;;;4;4;2;          54;           1;         819,70;
;;;;;;;;5;4;1;         902;          24;          90,40;
;;;;;;;;6;3;2;       1.966;          59;          43,80;
;;;;;;;;7;4;0;       1.741;          60;          34,70;
;;;;;;;;8;2;2;      27.669;       1.047;          10,90;
;;;;;;;;9;3;1;      34.471;       1.372;           9,80;
;;;;;;;;10;3;0;      71.010;       2.866;           8,80;
;;;;;;;;11;1;2;     140.022;       5.579;           5,40;
;;;;;;;;12;2;1;     459.322;      19.442;           5,20;
;;;;;;;;13;2;0;     975.900;      42.146;           3,90;
Di. 30.07.2024;9;25;28;37;38;2;8;1;5;2;JP;JP;  17.000.000,00;
;;;;;;;;2;5;1;           0;           0;wird dem Rang 5+0 zugeschlagen;
;;;;;;;;3;5;0;           5;           0;     108.423,60;
;;;;;;;;4;4;2;          23;           1;       1.390,70;
;;;;;;;;5;4;1;         436;          35;         135,10;
;;;;;;;;6;3;2;       1.224;          62;          50,80;
;;;;;;;;7;4;0;         831;          45;          52,60;
;;;;;;;;8;2;2;      20.011;       1.015;          10,90;
;;;;;;;;9;3;1;      20.354;       1.138;          11,90;
;;;;;;;;10;3;0;      44.479;       2.533;          10,20;
;;;;;;;;11;1;2;     108.011;       5.038;           5,00;
;;;;;;;;12;2;1;     311.867;      16.538;           5,50;
;;;;;;;;13;2;0;     671.590;      35.740;           4,10;
Fr. 02.08.2024;5;7;12;33;46;3;12;1;5;2;JP;JP;  28.776.997,10;
;;;;;;;;2;5;1;           3;           0;     204.919,70;
;;;;;;;;3;5;0;          14;           0;      10.262,80;
;;;;;;;;4;4;2;          32;           2;       1.398,50;
;;;;;;;;5;4;1;         817;          37;         100,90;
;;;;;;;;6;3;2;       1.359;          67;          64,10;
;;;;;;;;7;4;0;       1.882;          75;          32,50;
;;;;;;;;8;2;2;      19.020;         978;          16,00;
;;;;;;;;9;3;1;      34.379;       1.609;           9,90;
;;;;;;;;10;3;0;      79.750;       3.440;           7,90;
;;;;;;;;11;1;2;      95.045;       5.106;           8,10;
;;;;;;;;12;2;1;     462.879;      22.258;           5,20;
;;;;;;;;13;2;0;   1.092.703;      49.544;           3,50;
Di. 06.08.2024;1;18;27;41;50;2;12;1;5;2;JP;JP;  38.085.988,00;
;;;;;;;;2;5;1;           4;           0;     121.482,30;
;;;;;;;;3;5;0;           7;           1;      16.224,20;
;;;;;;;;4;4;2;          23;           0;       1.538,00;
;;;;;;;;5;4;1;         489;          31;         133,20;
;;;;;;;;6;3;2;         881;          39;          78,10;
;;;;;;;;7;4;0;       1.214;          63;          39,80;
;;;;;;;;8;2;2;      13.024;         800;          18,50;
;;;;;;;;9;3;1;      21.234;       1.195;          12,70;
;;;;;;;;10;3;0;      51.760;       2.877;           9,70;
;;;;;;;;11;1;2;      68.138;       4.050;           8,90;
;;;;;;;;12;2;1;     305.973;      17.429;           6,20;
;;;;;;;;13;2;0;     759.216;      40.158;           4,00;
Fr. 09.08.2024;21;23;25;33;44;4;10;1;5;2;JP;JP;  50.649.439,40;
;;;;;;;;2;5;1;           4;           0;     163.953,00;
;;;;;;;;3;5;0;           6;           0;      25.545,60;
;;;;;;;;4;4;2;          33;           2;       1.446,70;
;;;;;;;;5;4;1;         844;          40;         104,10;
;;;;;;;;6;3;2;       1.481;          74;          62,70;
;;;;;;;;7;4;0;       1.836;          75;          35,50;
;;;;;;;;8;2;2;      21.243;       1.094;          15,30;
;;;;;;;;9;3;1;      33.542;       1.541;          10,80;
;;;;;;;;10;3;0;      87.750;       3.665;           7,70;
;;;;;;;;11;1;2;     108.813;       5.563;           7,50;
;;;;;;;;12;2;1;     454.827;      20.733;           5,60;
;;;;;;;;13;2;0;   1.148.588;      48.900;           3,60;
Di. 13.08.2024;15;16;39;40;47;1;6;1;5;2;JP;JP;  60.887.190,60;
;;;;;;;;2;5;1;           1;           0;     534.410,60;
;;;;;;;;3;5;0;           3;           1;      41.633,50;
;;;;;;;;4;4;2;          26;           3;       1.496,20;
;;;;;;;;5;4;1;         420;          46;         170,60;
;;;;;;;;6;3;2;       1.048;          66;          72,20;
;;;;;;;;7;4;0;         977;          77;          54,40;
;;;;;;;;8;2;2;      15.680;         933;          16,90;
;;;;;;;;9;3;1;      20.234;       1.246;          14,60;
;;;;;;;;10;3;0;      47.407;       2.739;          11,60;
;;;;;;;;11;1;2;      89.519;       4.927;           7,40;
;;;;;;;;12;2;1;     319.528;      18.135;           6,60;
;;;;;;;;13;2;0;     756.665;      41.321;           4,40;
Fr. 16.08.2024;15;17;29;45;49;1;10;1;5;2;JP;JP;  72.769.716,40;
;;;;;;;;2;5;1;           4;           0;     184.603,50;
;;;;;;;;3;5;0;           5;           1;      34.515,90;
;;;;;;;;4;4;2;          29;           0;       1.853,50;
;;;;;;;;5;4;1;         663;          39;         149,30;
;;;;;;;;6;3;2;       1.352;          61;          77,40;
;;;;;;;;7;4;0;       1.744;          83;          42,10;
;;;;;;;;8;2;2;      20.538;         997;          17,90;
;;;;;;;;9;3;1;      30.884;       1.495;          13,20;
;;;;;;;;10;3;0;      82.155;       3.483;           9,20;
;;;;;;;;11;1;2;     106.693;       5.174;           8,60;
;;;;;;;;12;2;1;     459.663;      21.036;           6,30;
;;;;;;;;13;2;0;   1.208.658;      50.384;           3,80;
Di. 20.08.2024;7;10;13;18;26;3;12;1;5;2;JP;JP;  81.964.326,30;
;;;;;;;;2;5;1;           8;           1;      71.422,40;
;;;;;;;;3;5;0;          17;           0;       7.855,30;
;;;;;;;;4;4;2;          50;           0;         831,80;
;;;;;;;;5;4;1;       1.155;          45;          66,30;
;;;;;;;;6;3;2;       1.615;          72;          50,10;
;;;;;;;;7;4;0;       2.802;          98;          20,30;
;;;;;;;;8;2;2;      19.267;       1.133;          14,70;
;;;;;;;;9;3;1;      41.344;       1.858;           7,60;
;;;;;;;;10;3;0;      98.103;       4.282;           6,00;
;;;;;;;;11;1;2;      90.712;       5.335;           7,80;
;;;;;;;;12;2;1;     483.099;      24.182;           4,60;
;;;;;;;;13;2;0;   1.152.657;      54.902;           3,10;
Fr. 23.08.2024;9;15;24;47;50;8;9;1;5;2;JP;JP;  94.498.717,60;
;;;;;;;;2;5;1;           1;           0;     778.922,80;
;;;;;;;;3;5;0;           7;           0;      26.006,70;
;;;;;;;;4;4;2;          28;           0;       2.025,10;
;;;;;;;;5;4;1;         799;          37;         130,70;
;;;;;;;;6;3;2;       1.669;          75;          66,10;
;;;;;;;;7;4;0;       1.604;         101;          48,30;
;;;;;;;;8;2;2;      24.219;       1.223;          16,00;
;;;;;;;;9;3;1;      37.459;       1.725;          11,50;
;;;;;;;;10;3;0;      76.049;       3.771;          10,50;
;;;;;;;;11;1;2;     129.475;       6.388;           7,50;
;;;;;;;;12;2;1;     568.176;      26.018;           5,40;
;;;;;;;;13;2;0;   1.163.902;      55.424;           4,20;
Di. 27.08.2024;1;8;11;42;47;4;11;1;5;2;JP;JP; 104.936.241,00;
;;;;;;;;2;5;1;           0;           0;wird dem Rang 5+0 zugeschlagen;
;;;;;;;;3;5;0;           5;           1;     160.042,00;
;;;;;;;;4;4;2;          36;           5;       1.311,50;
;;;;;;;;5;4;1;         626;          49;         138,90;
;;;;;;;;6;3;2;       1.394;         102;          65,90;
;;;;;;;;7;4;0;       1.368;          82;          47,20;
;;;;;;;;8;2;2;      20.589;       1.303;          15,60;
;;;;;;;;9;3;1;      29.083;       1.817;          12,30;
;;;;;;;;10;3;0;      66.704;       3.921;          10,00;
;;;;;;;;11;1;2;     108.715;       7.050;           7,40;
;;;;;;;;12;2;1;     444.203;      27.034;           5,70;
;;;;;;;;13;2;0;   1.036.127;      60.332;           3,90;
Fr. 30.08.2024;3;24;27;33;42;4;6;1;5;2;JP;JP; 119.772.690,40;
;;;;;;;;2;5;1;           5;           0;     184.395,80;
;;;;;;;;3;5;0;          14;           1;      15.391,50;
;;;;;;;;4;4;2;          48;           3;       1.398,20;
;;;;;;;;5;4;1;       1.148;          63;         107,60;
;;;;;;;;6;3;2;       2.702;         138;          48,30;
;;;;;;;;7;4;0;       2.523;         130;          36,40;
;;;;;;;;8;2;2;      37.184;       1.760;          12,30;
;;;;;;;;9;3;1;      50.222;       2.608;          10,10;
;;;;;;;;10;3;0;     111.392;       5.596;           8,50;
;;;;;;;;11;1;2;     189.326;       8.470;           6,10;
;;;;;;;;12;2;1;     687.522;      34.520;           5,20;
;;;;;;;;13;2;0;   1.536.840;      77.262;           3,80;
Di. 03.09.2024;7;9;11;16;45;2;5;1;5;2;JP;JP; 132.447.714,50;
;;;;;;;;2;5;1;           3;           0;     262.554,00;
;;;;;;;;3;5;0;          11;           2;      16.735,40;
;;;;;;;;4;4;2;          55;           3;       1.042,50;
;;;;;;;;5;4;1;       1.014;          49;         104,10;
;;;;;;;;6;3;2;       2.788;         130;          40,00;
;;;;;;;;7;4;0;       2.309;         122;          33,90;
;;;;;;;;8;2;2;      37.098;       1.733;          10,50;
;;;;;;;;9;3;1;      48.894;       2.343;           8,90;
;;;;;;;;10;3;0;     102.946;       5.474;           7,90;
;;;;;;;;11;1;2;     178.225;       8.896;           5,50;
;;;;;;;;12;2;1;     663.338;      34.027;           4,60;
;;;;;;;;13;2;0;   1.378.289;      75.231;           3,60;
Fr. 06.09.2024;12;14;34;41;47;3;4;1;5;2;           1;           0; 149.017.789,00;
;;;;;;;;2;5;1;           4;           0;     257.427,90;
;;;;;;;;3;5;0;           7;           0;      34.380,00;
;;;;;;;;4;4;2;          55;           3;       1.362,90;
;;;;;;;;5;4;1;       1.022;          58;         135,10;
;;;;;;;;6;3;2;       2.111;         124;          69,10;
;;;;;;;;7;4;0;       2.061;         120;          49,70;
;;;;;;;;8;2;2;      31.655;       1.748;          16,20;
;;;;;;;;9;3;1;      46.435;       2.395;          12,30;
;;;;;;;;10;3;0;      96.179;       5.288;          11,00;
;;;;;;;;11;1;2;     175.554;       9.359;           7,30;
;;;;;;;;12;2;1;     717.046;      36.814;           5,60;
;;;;;;;;13;2;0;   1.470.121;      78.122;           4,40;
Di. 10.09.2024;6;29;46;47;48;2;9;1;5;2;JP;JP;  17.000.000,00;
;;;;;;;;2;5;1;           1;           0;     484.860,80;
;;;;;;;;3;5;0;           6;           0;      18.886,60;
;;;;;;;;4;4;2;          13;           0;       2.715,10;
;;;;;;;;5;4;1;         357;          17;         182,10;
;;;;;;;;6;3;2;         954;          44;          72,00;
;;;;;;;;7;4;0;         811;          33;          59,50;
;;;;;;;;8;2;2;      15.401;         786;          15,60;
;;;;;;;;9;3;1;      18.241;       1.040;          14,70;
;;;;;;;;10;3;0;      40.170;       2.222;          12,40;
;;;;;;;;11;1;2;      93.391;       4.476;           6,50;
;;;;;;;;12;2;1;     290.184;      14.922;           6,50;
;;;;;;;;13;2;0;     629.021;      32.950;           4,80;
Fr. 13.09.2024;10;15;17;31;42;4;12;1;5;2;JP;JP;  31.511.704,30;
;;;;;;;;2;5;1;           3;           0;     252.503,60;
;;;;;;;;3;5;0;           5;           1;      35.408,50;
;;;;;;;;4;4;2;          23;           0;       2.397,50;
;;;;;;;;5;4;1;         749;          21;         135,60;
;;;;;;;;6;3;2;       1.516;          72;          70,80;
;;;;;;;;7;4;0;       2.144;          55;          35,10;
;;;;;;;;8;2;2;      21.197;         873;          17,70;
;;;;;;;;9;3;1;      35.525;       1.261;          11,80;
;;;;;;;;10;3;0;      94.256;       3.248;           8,30;
;;;;;;;;11;1;2;     111.292;       4.450;           8,50;
;;;;;;;;12;2;1;     509.083;      18.744;           5,80;
;;;;;;;;13;2;0;   1.330.865;      45.688;           3,60;
Di. 17.09.2024;20;30;32;41;44;1;10;1;5;2;JP;JP;  41.391.923,00;
;;;;;;;;2;5;1;           0;           0;wird dem Rang 5+0 zugeschlagen;
;;;;;;;;3;5;0;           4;           0;     159.071,50;
;;;;;;;;4;4;2;          19;           1;       1.976,00;
;;;;;;;;5;4;1;         460;          28;         150,30;
;;;;;;;;6;3;2;         917;          72;          79,70;
;;;;;;;;7;4;0;       1.158;          51;          44,30;
;;;;;;;;8;2;2;      13.868;         877;          18,50;
;;;;;;;;9;3;1;      20.774;       1.198;          13,70;
;;;;;;;;10;3;0;      49.650;       2.589;          10,70;
;;;;;;;;11;1;2;      73.056;       4.563;           8,80;
;;;;;;;;12;2;1;     296.919;      16.283;           6,80;
;;;;;;;;13;2;0;     752.833;      38.940;           4,30;
Fr. 20.09.2024;16;25;29;34;37;3;7;1;5;2;JP;JP;  54.712.555,10;
;;;;;;;;2;5;1;           3;           0;     231.778,90;
;;;;;;;;3;5;0;          13;           1;      12.500,90;
;;;;;;;;4;4;2;          54;           1;         937,30;
;;;;;;;;5;4;1;         752;          34;         123,90;
;;;;;;;;6;3;2;       2.608;         104;          37,70;
;;;;;;;;7;4;0;       1.537;          56;          45,00;
;;;;;;;;8;2;2;      37.366;       1.361;           9,20;
;;;;;;;;9;3;1;      34.527;       1.521;          11,10;
;;;;;;;;10;3;0;      68.306;       3.283;          10,50;
;;;;;;;;11;1;2;     207.694;       7.192;           4,10;
;;;;;;;;12;2;1;     502.378;      22.309;           5,40;
;;;;;;;;13;2;0;     994.624;      47.202;           4,40;
Di. 24.09.2024;18;20;21;36;49;3;5;1;5;2;JP;JP;  65.337.927,00;
;;;;;;;;2;5;1;           4;           0;     138.661,10;
;;;;;;;;3;5;0;           2;           0;      64.814,70;
;;;;;;;;4;4;2;          25;           2;       1.615,00;
;;;;;;;;5;4;1;         535;          33;         139,00;
;;;;;;;;6;3;2;       1.429;          74;          55,00;
;;;;;;;;7;4;0;       1.096;          54;          50,40;
;;;;;;;;8;2;2;      22.528;       1.108;          12,20;
;;;;;;;;9;3;1;      24.809;       1.467;          12,40;
;;;;;;;;10;3;0;      51.717;       3.168;          11,00;
;;;;;;;;11;1;2;     129.548;       5.989;           5,30;
;;;;;;;;12;2;1;     400.108;      21.572;           5,40;
;;;;;;;;13;2;0;     793.593;      46.591;           4,40;
Fr. 27.09.2024;7;20;21;27;38;5;12;1;5;2;JP;JP; 130.000.000,00;
;;;;;;;;2;5;1;           3;           0;     416.328,80;
;;;;;;;;3;5;0;          18;           0;      16.217,10;
;;;;;;;;4;4;2;          68;           6;       1.337,00;
;;;;;;;;5;4;1;       1.478;          91;         113,30;
;;;;;;;;6;3;2;       2.773;         180;          63,80;
;;;;;;;;7;4;0;       3.682;         182;          33,70;
;;;;;;;;8;2;2;      39.401;       2.389;          15,70;
;;;;;;;;9;3;1;      67.092;       3.582;          10,30;
;;;;;;;;10;3;0;     164.809;       8.266;           7,80;
;;;;;;;;11;1;2;     199.805;      11.997;           7,80;
;;;;;;;;12;2;1;     940.455;      49.987;           5,20;
;;;;;;;;13;2;0;   2.273.779;     115.735;           3,40;
Di. 01.10.2024;8;22;29;41;42;9;11;1;5;2;JP;JP; 143.969.598,80;
;;;;;;;;2;5;1;           7;           0;     124.015,80;
;;;;;;;;3;5;0;          10;           1;      20.289,10;
;;;;;;;;4;4;2;          46;           1;       1.373,80;
;;;;;;;;5;4;1;         846;          59;         137,60;
;;;;;;;;6;3;2;       1.791;          91;          68,70;
;;;;;;;;7;4;0;       2.087;         143;          41,40;
;;;;;;;;8;2;2;      26.227;       1.544;          16,40;
;;;;;;;;9;3;1;      40.760;       2.436;          11,80;
;;;;;;;;10;3;0;      93.991;       5.660;           9,50;
;;;;;;;;11;1;2;     141.713;       8.609;           7,60;
;;;;;;;;12;2;1;     587.531;      33.945;           5,80;
;;;;;;;;13;2;0;   1.358.844;      77.448;           4,00;
Fr. 04.10.2024;4;8;16;17;20;1;6;1;5;2;           1;           0; 162.256.512,00;
;;;;;;;;2;5;1;          12;           1;      94.700,00;
;;;;;;;;3;5;0;          20;           0;      13.279,70;
;;;;;;;;4;4;2;          97;           4;         852,80;
;;;;;;;;5;4;1;       1.811;          74;          84,10;
;;;;;;;;6;3;2;       3.444;         185;          46,70;
;;;;;;;;7;4;0;       4.613;         166;          24,50;
;;;;;;;;8;2;2;      43.110;       2.240;          13,10;
;;;;;;;;9;3;1;      68.777;       2.989;           9,10;
;;;;;;;;10;3;0;     167.492;       7.166;           7,00;
;;;;;;;;11;1;2;     204.256;      10.913;           6,90;
;;;;;;;;12;2;1;     870.340;      42.050;           5,10;
;;;;;;;;13;2;0;   2.086.207;      96.702;           3,40;
Di. 08.10.2024;7;14;19;34;40;6;8;1;5;2;JP;JP;  17.000.000,00;
;;;;;;;;2;5;1;           4;           0;     122.519,20;
;;;;;;;;3;5;0;           7;           0;      16.362,70;
;;;;;;;;4;4;2;          31;           2;       1.150,80;
;;;;;;;;5;4;1;         533;          17;         123,30;
;;;;;;;;6;3;2;       1.313;          42;          52,90;
;;;;;;;;7;4;0;       1.279;          76;          38,10;
;;;;;;;;8;2;2;      19.378;         834;          12,50;
;;;;;;;;9;3;1;      25.616;       1.222;          10,60;
;;;;;;;;10;3;0;      56.697;       2.784;           8,90;
;;;;;;;;11;1;2;     100.095;       4.581;           6,10;
;;;;;;;;12;2;1;     372.862;      17.784;           5,10;
;;;;;;;;13;2;0;     821.666;      39.561;           3,70;
Fr. 11.10.2024;16;23;32;46;49;4;5;1;5;2;JP;JP;  29.821.152,30;
;;;;;;;;2;5;1;           3;           0;     223.088,00;
;;;;;;;;3;5;0;           6;           1;      26.069,60;
;;;;;;;;4;4;2;          30;           1;       1.624,00;
;;;;;;;;5;4;1;         738;          25;         121,60;
;;;;;;;;6;3;2;       1.369;          53;          69,30;
;;;;;;;;7;4;0;       1.437;          55;          46,30;
;;;;;;;;8;2;2;      20.133;         758;          16,50;
;;;;;;;;9;3;1;      31.194;       1.263;          11,90;
;;;;;;;;10;3;0;      64.209;       2.699;          10,70;
;;;;;;;;11;1;2;     112.915;       4.871;           7,40;
;;;;;;;;12;2;1;     463.749;      18.279;           5,60;
;;;;;;;;13;2;0;     946.037;      40.249;           4,40;
Di. 15.10.2024;2;15;32;36;48;3;9;1;5;2;JP;JP;  39.530.015,20;
;;;;;;;;2;5;1;           1;           0;     506.802,60;
;;;;;;;;3;5;0;           5;           0;      23.689,60;
;;;;;;;;4;4;2;          27;           1;       1.366,40;
;;;;;;;;5;4;1;         481;          20;         141,20;
;;;;;;;;6;3;2;       1.221;          65;          58,80;
;;;;;;;;7;4;0;       1.035;          61;          48,70;
;;;;;;;;8;2;2;      19.239;         939;          13,10;
;;;;;;;;9;3;1;      21.401;       1.126;          13,10;
;;;;;;;;10;3;0;      45.553;       2.339;          11,50;
;;;;;;;;11;1;2;     113.067;       5.566;           5,60;
;;;;;;;;12;2;1;     328.382;      16.986;           6,00;
;;;;;;;;13;2;0;     692.194;      36.943;           4,60;
Fr. 18.10.2024;4;15;23;30;39;1;12;1;5;2;JP;JP;  53.040.810,30;
;;;;;;;;2;5;1;           2;           0;     352.631,70;
;;;;;;;;3;5;0;           6;           0;      27.471,90;
;;;;;;;;4;4;2;          35;           2;       1.466,80;
;;;;;;;;5;4;1;         706;          28;         133,90;
;;;;;;;;6;3;2;       1.479;          83;          67,50;
;;;;;;;;7;4;0;       2.170;          81;          32,30;
;;;;;;;;8;2;2;      20.021;         929;          17,50;
;;;;;;;;9;3;1;      30.918;       1.491;          12,60;
;;;;;;;;10;3;0;      94.852;       3.680;           7,60;
;;;;;;;;11;1;2;     107.220;       5.584;           8,20;
;;;;;;;;12;2;1;     432.047;      20.854;           6,40;
;;;;;;;;13;2;0;   1.256.893;      52.128;           3,50;
Di. 22.10.2024;3;13;27;30;46;1;2;1;5;2;JP;JP;  63.353.583,10;
;;;;;;;;2;5;1;           2;           0;     269.163,30;
;;;;;;;;3;5;0;           9;           0;      13.979,50;
;;;;;;;;4;4;2;          24;           1;       1.632,80;
;;;;;;;;5;4;1;         705;          32;         102,30;
;;;;;;;;6;3;2;       1.155;          53;          66,00;
;;;;;;;;7;4;0;       1.695;          78;          31,60;
;;;;;;;;8;2;2;      16.432;       1.034;          16,30;
;;;;;;;;9;3;1;      29.417;       1.391;          10,10;
;;;;;;;;10;3;0;      69.726;       3.163;           7,90;
;;;;;;;;11;1;2;      85.273;       5.322;           7,90;
;;;;;;;;12;2;1;     402.090;      20.204;           5,20;
;;;;;;;;13;2;0;     930.745;      45.134;           3,60;
Fr. 25.10.2024;4;17;20;25;45;8;9;1;5;2;JP;JP;  76.313.061,90;
;;;;;;;;2;5;1;           2;           0;     402.669,50;
;;;;;;;;3;5;0;           7;           0;      26.888,70;
;;;;;;;;4;4;2;          40;           3;       1.465,60;
;;;;;;;;5;4;1;       1.014;          28;         106,50;
;;;;;;;;6;3;2;       1.724;          64;          66,20;
;;;;;;;;7;4;0;       2.069;          87;          38,70;
;;;;;;;;8;2;2;      25.930;       1.076;          15,40;
;;;;;;;;9;3;1;      45.365;       1.663;           9,80;
;;;;;;;;10;3;0;      94.572;       3.557;           8,80;
;;;;;;;;11;1;2;     131.896;       5.630;           7,60;
;;;;;;;;12;2;1;     630.402;      24.199;           5,00;
;;;;;;;;13;2;0;   1.321.965;      52.955;           3,80;
Di. 29.10.2024;1;2;19;30;45;10;12;1;5;2;JP;JP;  85.747.958,40;
;;;;;;;;2;5;1;           2;           0;     293.155,70;
;;;;;;;;3;5;0;           3;           0;      45.676,80;
;;;;;;;;4;4;2;          23;           0;       1.855,70;
;;;;;;;;5;4;1;         478;          22;         164,40;
;;;;;;;;6;3;2;       1.027;          51;          80,90;
;;;;;;;;7;4;0;       1.368;          76;          42,60;
;;;;;;;;8;2;2;      15.437;         868;          18,90;
;;;;;;;;9;3;1;      22.908;       1.282;          14,20;
;;;;;;;;10;3;0;      65.223;       3.260;           9,20;
;;;;;;;;11;1;2;      81.020;       4.740;           9,00;
;;;;;;;;12;2;1;     342.322;      19.138;           6,70;
;;;;;;;;13;2;0;     984.152;      48.494;           3,70;
Fr. 01.11.2024;7;33;38;44;50;2;7;1;5;2;JP;JP;  98.005.009,20;
;;;;;;;;2;5;1;           5;           0;     152.337,60;
;;;;;;;;3;5;0;           4;           1;      44.504,70;
;;;;;;;;4;4;2;          50;           1;       1.108,90;
;;;;;;;;5;4;1;         701;          43;         145,70;
;;;;;;;;6;3;2;       2.297;         124;          47,00;
;;;;;;;;7;4;0;       1.589;         107;          47,70;
;;;;;;;;8;2;2;      33.152;       1.512;          11,40;
;;;;;;;;9;3;1;      39.237;       1.803;          10,70;
;;;;;;;;10;3;0;      77.972;       3.707;          10,10;
;;;;;;;;11;1;2;     184.689;       7.447;           5,10;
;;;;;;;;12;2;1;     567.133;      25.714;           5,30;
;;;;;;;;13;2;0;   1.113.984;      54.318;           4,30;
Di. 05.11.2024;1;8;19;37;50;6;9;1;5;2;JP;JP; 109.544.200,70;
;;;;;;;;2;5;1;           6;           0;     119.513,00;
;;;;;;;;3;5;0;           8;           1;      20.949,10;
;;;;;;;;4;4;2;          44;           5;       1.186,30;
;;;;;;;;5;4;1;         870;          32;         110,50;
;;;;;;;;6;3;2;       1.882;          98;          54,00;
;;;;;;;;7;4;0;       1.846;         122;          38,60;
;;;;;;;;8;2;2;      27.255;       1.478;          13,10;
;;;;;;;;9;3;1;      35.363;       2.043;          11,20;
;;;;;;;;10;3;0;      80.046;       4.844;           9,20;
;;;;;;;;11;1;2;     146.834;       7.578;           6,10;
;;;;;;;;12;2;1;     501.357;      28.780;           5,60;
;;;;;;;;13;2;0;   1.128.830;      65.400;           4,00;
Fr. 08.11.2024;2;33;35;42;48;1;3;1;5;2;JP;JP; 124.837.601,00;
;;;;;;;;2;5;1;           3;           0;     316.791,80;
;;;;;;;;3;5;0;          12;           0;      18.509,80;
;;;;;;;;4;4;2;          39;           1;       1.773,90;
;;;;;;;;5;4;1;         811;          38;         157,10;
;;;;;;;;6;3;2;       1.816;          94;          74,10;
;;;;;;;;7;4;0;       1.838;         107;          51,50;
;;;;;;;;8;2;2;      27.240;       1.600;          17,30;
;;;;;;;;9;3;1;      38.734;       2.056;          13,60;
;;;;;;;;10;3;0;      87.064;       4.640;          11,20;
;;;;;;;;11;1;2;     157.954;       8.456;           7,50;
;;;;;;;;12;2;1;     594.236;      31.075;           6,30;
;;;;;;;;13;2;0;   1.340.773;      69.234;           4,50;
Di. 12.11.2024;10;11;12;22;50;1;10;1;5;2;JP;JP; 137.211.025,90;
;;;;;;;;2;5;1;           3;           0;     256.306,60;
;;;;;;;;3;5;0;          12;           1;      14.975,70;
;;;;;;;;4;4;2;          41;           2;       1.365,20;
;;;;;;;;5;4;1;         910;          41;         113,30;
;;;;;;;;6;3;2;       1.827;         117;          59,60;
;;;;;;;;7;4;0;       2.292;         123;          33,40;
;;;;;;;;8;2;2;      24.670;       1.580;          15,50;
;;;;;;;;9;3;1;      39.940;       2.166;          10,60;
;;;;;;;;10;3;0;      98.242;       5.098;           8,00;
;;;;;;;;11;1;2;     119.027;       7.334;           8,00;
;;;;;;;;12;2;1;     545.032;      31.073;           5,50;
;;;;;;;;13;2;0;   1.394.060;      72.504;           3,50;
Fr. 15.11.2024;7;8;34;39;44;2;6;1;5;2;JP;JP; 153.801.394,60;
;;;;;;;;2;5;1;           1;           0;   1.030.972,90;
;;;;;;;;3;5;0;           9;           0;      26.772,80;
;;;;;;;;4;4;2;          51;           4;       1.471,60;
;;;;;;;;5;4;1;         821;          42;         168,30;
;;;;;;;;6;3;2;       2.331;         136;          62,60;
;;;;;;;;7;4;0;       1.870;         111;          54,90;
;;;;;;;;8;2;2;      38.936;       1.919;          13,10;
;;;;;;;;9;3;1;      45.700;       2.452;          12,50;
;;;;;;;;10;3;0;     100.728;       5.565;          10,50;
;;;;;;;;11;1;2;     215.347;      10.169;           5,90;
;;;;;;;;12;2;1;     723.305;      36.328;           5,60;
;;;;;;;;13;2;0;   1.612.654;      82.308;           4,00;
Di. 19.11.2024;4;13;20;28;49;7;12;1;5;2;JP;JP; 167.885.087,60;
;;;;;;;;2;5;1;           2;           0;     437.600,40;
;;;;;;;;3;5;0;          11;           2;      18.595,30;
;;;;;;;;4;4;2;          54;           2;       1.179,80;
;;;;;;;;5;4;1;       1.110;          62;         105,70;
;;;;;;;;6;3;2;       2.142;         123;          57,90;
;;;;;;;;7;4;0;       2.307;         135;          37,70;
;;;;;;;;8;2;2;      28.642;       1.688;          15,20;
;;;;;;;;9;3;1;      45.762;       2.535;          10,60;
;;;;;;;;10;3;0;     105.496;       5.871;           8,50;
;;;;;;;;11;1;2;     141.623;       8.499;           7,70;
;;;;;;;;12;2;1;     638.935;      35.377;           5,40;
;;;;;;;;13;2;0;   1.464.889;      82.935;           3,70;
Fr. 22.11.2024;10;11;12;29;31;8;11;1;5;2;JP;JP; 194.669.132,50;
;;;;;;;;2;5;1;          11;           0;     151.312,40;
;;;;;;;;3;5;0;          27;           2;      14.407,60;
;;;;;;;;4;4;2;          93;           5;       1.302,80;
;;;;;;;;5;4;1;       2.182;         109;         102,20;
;;;;;;;;6;3;2;       3.916;         181;          60,20;
;;;;;;;;7;4;0;       5.351;         234;          30,90;
;;;;;;;;8;2;2;      56.732;       2.781;          14,60;
;;;;;;;;9;3;1;      90.710;       4.324;          10,10;
;;;;;;;;10;3;0;     217.100;      10.086;           7,90;
;;;;;;;;11;1;2;     295.013;      15.116;           7,00;
;;;;;;;;12;2;1;   1.246.775;      60.903;           5,20;
;;;;;;;;13;2;0;   2.931.777;     137.287;           3,60;
Di. 26.11.2024;7;11;25;31;40;9;12;1;5;2;           1;           0; 212.448.937,00;
;;;;;;;;2;5;1;          15;           1;      73.659,10;
;;;;;;;;3;5;0;          14;           0;      18.445,00;
;;;;;;;;4;4;2;          55;           4;       1.462,40;
;;;;;;;;5;4;1;       1.492;          89;          99,30;
;;;;;;;;6;3;2;       2.400;         150;          65,20;
;;;;;;;;7;4;0;       3.462;         149;          31,70;
;;;;;;;;8;2;2;      33.051;       2.097;          16,60;
;;;;;;;;9;3;1;      57.385;       3.128;          10,60;
;;;;;;;;10;3;0;     144.615;       7.150;           7,90;
;;;;;;;;11;1;2;     168.815;      10.877;           8,20;
;;;;;;;;12;2;1;     781.193;      43.213;           5,50;
;;;;;;;;13;2;0;   1.953.020;     102.398;           3,50;
Fr. 29.11.2024;8;17;18;29;43;5;9;1;5;2;JP;JP;  17.000.000,00;
;;;;;;;;2;5;1;           4;           0;     171.105,20;
;;;;;;;;3;5;0;           6;           2;      26.660,00;
;;;;;;;;4;4;2;          46;           3;       1.083,10;
;;;;;;;;5;4;1;         936;          57;          98,00;
;;;;;;;;6;3;2;       2.459;          99;          39,40;
;;;;;;;;7;4;0;       1.883;          97;          36,20;
;;;;;;;;8;2;2;      32.798;       1.273;          10,30;
;;;;;;;;9;3;1;      39.040;       1.642;           9,70;
;;;;;;;;10;3;0;      81.499;       3.786;           8,60;
;;;;;;;;11;1;2;     164.667;       6.165;           5,20;
;;;;;;;;12;2;1;     545.804;      23.343;           4,90;
;;;;;;;;13;2;0;   1.123.038;      50.361;           3,80;
Di. 03.12.2024;23;25;34;46;47;6;8;1;5;2;JP;JP;  27.018.616,30;
;;;;;;;;2;5;1;           0;           0;wird dem Rang 5+0 zugeschlagen;
;;;;;;;;3;5;0;           5;           1;     129.039,70;
;;;;;;;;4;4;2;          21;           0;       1.812,80;
;;;;;;;;5;4;1;         443;          28;         158,30;
;;;;;;;;6;3;2;       1.158;          47;          64,00;
;;;;;;;;7;4;0;         967;          49;          53,80;
;;;;;;;;8;2;2;      17.740;         818;          14,60;
;;;;;;;;9;3;1;      21.694;       1.106;          13,30;
;;;;;;;;10;3;0;      46.965;       2.414;          11,50;
;;;;;;;;11;1;2;     100.698;       4.528;           6,50;
;;;;;;;;12;2;1;     338.553;      17.177;           6,00;
;;;;;;;;13;2;0;     736.296;      38.058;           4,50;
Fr. 06.12.2024;14;25;39;44;47;6;10;1;5;2;JP;JP;  40.367.383,60;
;;;;;;;;2;5;1;           0;           0;wird dem Rang 5+0 zugeschlagen;
;;;;;;;;3;5;0;          11;           0;      78.150,90;
;;;;;;;;4;4;2;          39;           0;       1.300,60;
;;;;;;;;5;4;1;         608;          33;         153,60;
;;;;;;;;6;3;2;       1.415;          79;          69,80;
;;;;;;;;7;4;0;       1.479;          73;          46,90;
;;;;;;;;8;2;2;      20.745;         989;          16,70;
;;;;;;;;9;3;1;      28.649;       1.289;          13,50;
;;;;;;;;10;3;0;      69.227;       3.170;          10,40;
;;;;;;;;11;1;2;     112.234;       5.306;           7,70;
;;;;;;;;12;2;1;     426.665;      20.199;           6,40;
;;;;;;;;13;2;0;   1.025.701;      46.779;           4,30;
Di. 10.12.2024;5;24;25;29;47;5;9;1;5;2;JP;JP;  50.987.545,30;
;;;;;;;;2;5;1;           1;           0;     554.372,40;
;;;;;;;;3;5;0;           3;           1;      43.188,60;
;;;;;;;;4;4;2;          30;           0;       1.345,20;
;;;;;;;;5;4;1;         596;          38;         124,70;
;;;;;;;;6;3;2;       1.816;          76;          43,20;
;;;;;;;;7;4;0;       1.118;          70;          49,30;
;;;;;;;;8;2;2;      27.028;       1.188;          10,20;
;;;;;;;;9;3;1;      28.922;       1.437;          10,60;
;;;;;;;;10;3;0;      56.637;       3.017;          10,10;
;;;;;;;;11;1;2;     136.199;       6.109;           5,00;
;;;;;;;;12;2;1;     434.741;      21.447;           5,00;
;;;;;;;;13;2;0;     859.369;      45.177;           4,10;
Fr. 13.12.2024;1;15;25;42;50;4;10;1;5;2;JP;JP;  67.852.508,80;
;;;;;;;;2;5;1;           1;           0;     880.351,00;
;;;;;;;;3;5;0;           9;           0;      22.861,30;
;;;;;;;;4;4;2;          46;           0;       1.393,10;
;;;;;;;;5;4;1;         805;          29;         146,60;
;;;;;;;;6;3;2;       1.775;          75;          70,30;
;;;;;;;;7;4;0;       2.226;          96;          39,30;
;;;;;;;;8;2;2;      26.101;       1.154;          16,70;
;;;;;;;;9;3;1;      37.914;       1.731;          12,80;
;;;;;;;;10;3;0;      94.973;       3.987;           9,50;
;;;;;;;;11;1;2;     143.323;       6.397;           7,60;
;;;;;;;;12;2;1;     556.232;      24.074;           6,20;
;;;;;;;;13;2;0;   1.372.521;      55.478;           4,00;
Di. 17.12.2024;1;3;4;21;29;2;7;1;5;2;           1;           0;  77.557.137,00;
;;;;;;;;2;5;1;           1;           1;     603.073,30;
;;;;;;;;3;5;0;           8;           0;      17.618,50;
;;;;;;;;4;4;2;          48;           1;         914,60;
;;;;;;;;5;4;1;         923;          43;          87,60;
;;;;;;;;6;3;2;       2.094;          80;          40,80;
;;;;;;;;7;4;0;       1.749;          81;          34,30;
;;;;;;;;8;2;2;      30.297;       1.365;           9,90;
;;;;;;;;9;3;1;      39.664;       1.876;           8,40;
;;;;;;;;10;3;0;      75.380;       3.918;           8,20;
;;;;;;;;11;1;2;     152.149;       7.005;           4,90;
;;;;;;;;12;2;1;     505.740;      24.429;           4,70;
;;;;;;;;13;2;0;   1.002.365;      51.940;           3,80;
Fr. 20.12.2024;10;14;21;33;50;6;9;1;5;2;JP;JP;  17.000.000,00;
;;;;;;;;2;5;1;           3;           0;     222.689,40;
;;;;;;;;3;5;0;           8;           0;      19.517,30;
;;;;;;;;4;4;2;          47;           3;       1.034,70;
;;;;;;;;5;4;1;         792;          27;         113,10;
;;;;;;;;6;3;2;       1.908;          59;          49,60;
;;;;;;;;7;4;0;       1.797;          72;          37,00;
;;;;;;;;8;2;2;      27.621;       1.079;          12,00;
;;;;;;;;9;3;1;      35.050;       1.264;          10,50;
;;;;;;;;10;3;0;      77.174;       3.292;           8,90;
;;;;;;;;11;1;2;     142.307;       5.745;           5,80;
;;;;;;;;12;2;1;     496.007;      20.022;           5,30;
;;;;;;;;13;2;0;   1.095.328;      45.287;           3,80;
Di. 24.12.2024;6;10;16;23;24;11;12;1;5;2;JP;JP;  28.754.035,70;
;;;;;;;;2;5;1;           2;           0;     306.780,30;
;;;;;;;;3;5;0;          16;           0;       8.962,40;
;;;;;;;;4;4;2;          32;           2;       1.395,70;
;;;;;;;;5;4;1;         763;          36;         107,80;
;;;;;;;;6;3;2;       1.285;          80;          67,60;
;;;;;;;;7;4;0;       2.663;         115;          22,90;
;;;;;;;;8;2;2;      16.824;         907;          18,10;
;;;;;;;;9;3;1;      30.239;       1.438;          11,20;
;;;;;;;;10;3;0;      97.631;       3.919;           6,50;
;;;;;;;;11;1;2;      85.694;       4.867;           8,90;
;;;;;;;;12;2;1;     409.663;      20.552;           5,90;
;;;;;;;;13;2;0;   1.235.083;      52.256;           3,10;
Fr. 27.12.2024;12;22;27;33;45;4;8;1;5;2;           1;           0;  41.205.363,00;
;;;;;;;;2;5;1;           5;           0;     129.991,80;
;;;;;;;;3;5;0;           9;           0;      16.878,40;
;;;;;;;;4;4;2;          60;           0;         788,50;
;;;;;;;;5;4;1;         854;          27;         102,00;
;;;;;;;;6;3;2;       2.174;         100;          42,30;
;;;;;;;;7;4;0;       1.923;          79;          33,60;
;;;;;;;;8;2;2;      29.649;       1.041;          10,90;
;;;;;;;;9;3;1;      36.455;       1.426;           9,90;
;;;;;;;;10;3;0;      80.975;       3.125;           8,30;
;;;;;;;;11;1;2;     147.394;       5.367;           5,50;
;;;;;;;;12;2;1;     496.697;      19.705;           5,10;
;;;;;;;;13;2;0;   1.098.086;      43.261;           3,70;
Di. 31.12.2024;19;24;26;28;33;8;12;1;5;2;JP;JP;  17.000.000,00;
;;;;;;;;2;5;1;           4;           0;     188.075,10;
;;;;;;;;3;5;0;          11;           2;      15.984,00;
;;;;;;;;4;4;2;          32;           2;       1.711,40;
;;;;;;;;5;4;1;         782;          43;         129,00;
;;;;;;;;6;3;2;       1.606;          58;          66,40;
;;;;;;;;7;4;0;       1.961;          77;          38,20;
;;;;;;;;8;2;2;      22.223;         961;          16,80;
;;;;;;;;9;3;1;      36.088;       1.479;          11,50;
;;;;;;;;10;3;0;      90.132;       3.386;           8,60;
;;;;;;;;11;1;2;     118.600;       5.019;           7,90;
;;;;;;;;12;2;1;     525.874;      21.366;           5,60;
;;;;;;;;13;2;0;   1.309.459;      51.117;           3,60;
