Datum;Reihenfolge;Zahl1;Zahl2;Zahl3;Zahl4;Zahl5;Zahl6;ZZ;Zusatzzahl;Rang_1_5;Anzahl_1_5;a_1_5;Quote_1_5;Rang_2_6;Anzahl_2_6;a_2_6;Quote_2_6;Rang_3_7;Anzahl_3_7;a_3_7;Quote_3_7;Rang_4_8;Anzahl_4_8;a_4_8;Quote_4_8;
03.01.;aufsteigend;3;15;16;19;21;27;ZZ;20;6er;JP;;         650.998,10;5er + ZZ;               3;à;          29.294,90;5er;              69;à;           1.320,80;4er + ZZ;             175;à;             167,30;
03.01.;;;;;;;;;;4er;           4.082;à;              41,80;3er + ZZ;           4.241;à;              17,20;3er;          59.771;à;               4,90;ZZ;         156.118;à;               1,30;
07.01.;aufsteigend;1;9;14;15;20;35;ZZ;3;6er;               2;à;         761.132,00;5er + ZZ;JP;;         117.620,80;5er;              85;à;           1.435,00;4er + ZZ;             271;à;             144,60;
07.01.;;;;;;;;;;4er;           4.165;à;              54,90;3er + ZZ;           6.566;à;              14,90;3er;          67.655;à;               5,80;ZZ;         237.265;à;               1,30;
10.01.;aufsteigend;21;33;36;37;41;43;ZZ;2;6er;               1;à;       1.000.000,00;5er + ZZ;               5;à;          41.221,50;5er;              74;à;           1.240,00;4er + ZZ;             195;à;             151,20;
10.01.;;;;;;;;;;4er;           2.978;à;              57,70;3er + ZZ;           3.893;à;              18,90;3er;          49.022;à;               6,00;ZZ;         185.712;à;               1,30;
12.01.;aufsteigend;4;7;8;18;31;42;ZZ;43;6er;               1;à;       1.000.000,00;5er + ZZ;               2;à;          40.403,70;5er;              45;à;           1.862,20;4er + ZZ;             136;à;             198,00;
12.01.;;;;;;;;;;4er;           3.418;à;              45,90;3er + ZZ;           3.511;à;              19,10;3er;          52.766;à;               5,10;ZZ;         133.669;à;               1,30;
14.01.;aufsteigend;6;14;15;16;25;39;ZZ;33;6er;               1;à;       1.000.000,00;5er + ZZ;JP;;          82.784,70;5er;              74;à;           1.160,10;4er + ZZ;             156;à;             176,80;
14.01.;;;;;;;;;;4er;           2.792;à;              57,60;3er + ZZ;           4.052;à;              17,00;3er;          47.611;à;               5,80;ZZ;         149.778;à;               1,30;
17.01.;aufsteigend;7;21;26;31;42;43;ZZ;44;6er;JP;;         612.046,20;5er + ZZ;DJP;;         165.411,00;5er;              60;à;           1.428,10;4er + ZZ;             123;à;             223,90;
17.01.;;;;;;;;;;4er;           3.138;à;              51,10;3er + ZZ;           3.526;à;              19,50;3er;          51.438;à;               5,30;ZZ;         137.664;à;               1,30;
21.01.;aufsteigend;3;16;27;31;40;42;ZZ;25;6er;DJP;;       1.477.457,70;5er + ZZ;               2;à;         141.120,70;5er;              89;à;           1.361,30;4er + ZZ;             234;à;             166,40;
21.01.;;;;;;;;;;4er;           4.508;à;              50,30;3er + ZZ;           5.281;à;              18,40;3er;          70.891;à;               5,50;ZZ;         199.610;à;               1,30;
24.01.;aufsteigend;4;8;14;16;35;42;ZZ;25;6er;3JP;;       2.341.900,50;5er + ZZ;               6;à;          19.449,90;5er;              71;à;           1.704,50;4er + ZZ;             208;à;             187,00;
24.01.;;;;;;;;;;4er;           4.584;à;              49,50;3er + ZZ;           5.553;à;              17,50;3er;          70.362;à;               5,50;ZZ;         198.366;à;               1,30;
28.01.;aufsteigend;9;17;26;28;31;41;ZZ;13;6er;4JP;;       3.502.080,30;5er + ZZ;               8;à;          19.578,00;5er;             132;à;           1.230,40;4er + ZZ;             390;à;             133,80;
28.01.;;;;;;;;;;4er;           6.146;à;              49,50;3er + ZZ;           8.385;à;              15,50;3er;          96.972;à;               5,40;ZZ;         278.336;à;               1,30;
31.01.;aufsteigend;17;21;22;28;35;36;ZZ;37;6er;5JP;;       4.775.762,10;5er + ZZ;               4;à;          42.986,70;5er;             114;à;           1.564,10;4er + ZZ;             320;à;             179,10;
31.01.;;;;;;;;;;4er;           6.164;à;              54,20;3er + ZZ;           7.697;à;              18,60;3er;         102.391;à;               5,60;ZZ;         278.054;à;               1,30;
04.02.;aufsteigend;3;5;9;17;25;38;ZZ;45;6er;               3;à;       2.174.563,80;5er + ZZ;               7;à;          33.710,00;5er;             210;à;           1.165,20;4er + ZZ;             497;à;             158,20;
04.02.;;;;;;;;;;4er;           9.833;à;              46,60;3er + ZZ;          11.922;à;              16,40;3er;         156.277;à;               5,00;ZZ;         404.584;à;               1,30;
07.02.;aufsteigend;3;4;20;37;40;42;ZZ;8;6er;JP;;         666.948,20;5er + ZZ;               3;à;          30.012,60;5er;              46;à;           2.029,80;4er + ZZ;             163;à;             184,10;
07.02.;;;;;;;;;;4er;           2.861;à;              61,10;3er + ZZ;           4.477;à;              16,70;3er;          49.193;à;               6,10;ZZ;         179.838;à;               1,30;
09.02.;aufsteigend;2;3;8;20;21;31;ZZ;35;6er;DJP;;       1.351.998,20;5er + ZZ;               2;à;          46.240,80;5er;             105;à;             913,30;4er + ZZ;             154;à;             200,10;
09.02.;;;;;;;;;;4er;           3.945;à;              45,50;3er + ZZ;           4.038;à;              19,00;3er;          61.648;à;               5,00;ZZ;         149.179;à;               1,30;
11.02.;aufsteigend;2;14;16;21;37;41;ZZ;10;6er;3JP;;       2.109.938,00;5er + ZZ;               3;à;          34.107,20;5er;              54;à;           1.965,00;4er + ZZ;             178;à;             191,60;
11.02.;;;;;;;;;;4er;           3.363;à;              59,10;3er + ZZ;           4.953;à;              17,20;3er;          56.315;à;               6,00;ZZ;         208.287;à;               1,30;
14.02.;aufsteigend;2;21;22;27;34;37;ZZ;25;6er;               1;à;       3.121.348,40;5er + ZZ;JP;;         136.540,40;5er;              91;à;           1.556,00;4er + ZZ;             249;à;             182,70;
14.02.;;;;;;;;;;4er;           4.619;à;              57,40;3er + ZZ;           6.150;à;              18,50;3er;          80.951;à;               5,60;ZZ;         239.963;à;               1,30;
18.02.;aufsteigend;13;18;23;29;30;42;ZZ;19;6er;               1;à;       1.000.000,00;5er + ZZ;               6;à;          39.655,80;5er;              78;à;           1.348,00;4er + ZZ;             192;à;             176,00;
18.02.;;;;;;;;;;4er;           3.433;à;              57,40;3er + ZZ;           5.148;à;              16,40;3er;          56.849;à;               5,90;ZZ;         192.937;à;               1,30;
21.02.;aufsteigend;7;8;21;23;26;40;ZZ;30;6er;JP;;         639.945,40;5er + ZZ;               1;à;          86.392,60;5er;              65;à;           1.378,30;4er + ZZ;             193;à;             149,20;
21.02.;;;;;;;;;;4er;           3.502;à;              47,90;3er + ZZ;           4.634;à;              15,50;3er;          56.029;à;               5,10;ZZ;         142.521;à;               1,30;
25.02.;aufsteigend;3;8;10;14;29;35;ZZ;45;6er;DJP;;       1.533.118,60;5er + ZZ;               3;à;          40.192,70;5er;              96;à;           1.302,50;4er + ZZ;             230;à;             174,70;
25.02.;;;;;;;;;;4er;           4.744;à;              49,40;3er + ZZ;           5.763;à;              17,40;3er;          77.306;à;               5,20;ZZ;         204.720;à;               1,30;
28.02.;aufsteigend;10;22;24;28;34;43;ZZ;42;6er;               1;à;       2.415.635,80;5er + ZZ;               4;à;          29.784,90;5er;              80;à;           1.544,40;4er + ZZ;             225;à;             176,50;
28.02.;;;;;;;;;;4er;           4.738;à;              48,80;3er + ZZ;           5.489;à;              18,00;3er;          69.885;à;               5,70;ZZ;         197.598;à;               1,30;
03.03.;aufsteigend;3;11;14;25;33;39;ZZ;17;6er;JP;;         751.347,80;5er + ZZ;               1;à;         101.431,90;5er;              93;à;           1.131,00;4er + ZZ;             261;à;             129,50;
03.03.;;;;;;;;;;4er;           4.140;à;              47,60;3er + ZZ;           6.236;à;              13,50;3er;          64.095;à;               5,30;ZZ;         185.203;à;               1,30;
06.03.;aufsteigend;3;13;19;21;23;44;ZZ;24;6er;DJP;;       1.529.607,10;5er + ZZ;               1;à;         105.065,00;5er;              90;à;           1.210,60;4er + ZZ;             223;à;             157,00;
06.03.;;;;;;;;;;4er;           4.369;à;              46,70;3er + ZZ;           5.397;à;              16,20;3er;          68.138;à;               5,10;ZZ;         184.620;à;               1,30;
08.03.;aufsteigend;6;14;18;22;28;37;ZZ;33;6er;3JP;;       2.280.898,90;5er + ZZ;               5;à;          20.284,80;5er;              68;à;           1.546,70;4er + ZZ;             191;à;             177,00;
08.03.;;;;;;;;;;4er;           3.527;à;              55,90;3er + ZZ;           4.907;à;              17,20;3er;          59.196;à;               5,70;ZZ;         183.650;à;               1,30;
10.03.;aufsteigend;7;13;17;20;35;39;ZZ;12;6er;               1;à;       3.113.259,80;5er + ZZ;               4;à;          28.092,10;5er;              94;à;           1.239,60;4er + ZZ;             225;à;             166,40;
10.03.;;;;;;;;;;4er;           4.442;à;              49,10;3er + ZZ;           5.510;à;              16,90;3er;          70.748;à;               5,30;ZZ;         221.355;à;               1,30;
13.03.;aufsteigend;2;5;7;14;38;41;ZZ;26;6er;               1;à;       1.000.000,00;5er + ZZ;               1;à;          81.958,10;5er;              64;à;           1.328,00;4er + ZZ;             202;à;             135,20;
13.03.;;;;;;;;;;4er;           3.061;à;              52,00;3er + ZZ;           4.612;à;              14,80;3er;          50.153;à;               5,40;ZZ;         148.922;à;               1,30;
17.03.;aufsteigend;5;13;32;35;36;40;ZZ;10;6er;JP;;         713.496,40;5er + ZZ;               2;à;          48.161,00;5er;              64;à;           1.560,70;4er + ZZ;             154;à;             208,40;
17.03.;;;;;;;;;;4er;           3.106;à;              60,30;3er + ZZ;           4.527;à;              17,70;3er;          52.439;à;               6,10;ZZ;         194.859;à;               1,30;
20.03.;aufsteigend;1;3;6;7;20;45;ZZ;28;6er;               2;à;         725.580,00;5er + ZZ;JP;;          99.584,50;5er;             149;à;             693,10;4er + ZZ;             296;à;             112,10;
20.03.;;;;;;;;;;4er;           5.422;à;              35,70;3er + ZZ;           6.313;à;              13,10;3er;          74.505;à;               4,40;ZZ;         176.128;à;               1,30;
24.03.;aufsteigend;1;2;7;11;23;41;ZZ;42;6er;JP;;         704.316,40;5er + ZZ;               1;à;         194.667,30;5er;              81;à;           1.217,30;4er + ZZ;             194;à;             163,30;
24.03.;;;;;;;;;;4er;           4.418;à;              41,80;3er + ZZ;           4.393;à;              18,00;3er;          66.314;à;               4,80;ZZ;         161.066;à;               1,30;
27.03.;aufsteigend;4;11;25;26;32;41;ZZ;36;6er;DJP;;       1.457.259,90;5er + ZZ;               3;à;          33.882,40;5er;              69;à;           1.527,70;4er + ZZ;             185;à;             183,10;
27.03.;;;;;;;;;;4er;           3.610;à;              54,70;3er + ZZ;           4.560;à;              18,50;3er;          59.383;à;               5,70;ZZ;         164.934;à;               1,30;
31.03.;aufsteigend;5;15;19;21;23;44;ZZ;36;6er;3JP;;       2.488.482,90;5er + ZZ;               4;à;          34.803,70;5er;             112;à;           1.289,00;4er + ZZ;             238;à;             194,90;
31.03.;;;;;;;;;;4er;           5.008;à;              54,00;3er + ZZ;           6.250;à;              18,50;3er;          86.340;à;               5,40;ZZ;         231.041;à;               1,30;
03.04.;aufsteigend;3;4;11;12;27;37;ZZ;25;6er;4JP;;       3.420.883,90;5er + ZZ;               2;à;          62.937,00;5er;             123;à;           1.061,20;4er + ZZ;             281;à;             149,30;
03.04.;;;;;;;;;;4er;           5.592;à;              43,70;3er + ZZ;           6.834;à;              15,30;3er;          88.274;à;               4,70;ZZ;         206.753;à;               1,30;
07.04.;aufsteigend;19;28;37;41;42;43;ZZ;6;6er;               1;à;       4.715.840,50;5er + ZZ;               3;à;          58.273,00;5er;             115;à;           1.576,40;4er + ZZ;             342;à;             170,30;
07.04.;;;;;;;;;;4er;           5.791;à;              58,60;3er + ZZ;           8.162;à;              17,80;3er;          98.315;à;               5,90;ZZ;         348.052;à;               1,30;
10.04.;aufsteigend;5;12;13;14;39;43;ZZ;16;6er;JP;;         618.137,00;5er + ZZ;               2;à;          41.724,20;5er;              73;à;           1.185,40;4er + ZZ;             143;à;             194,50;
10.04.;;;;;;;;;;4er;           2.872;à;              56,40;3er + ZZ;           3.944;à;              17,60;3er;          50.031;à;               5,50;ZZ;         152.399;à;               1,30;
12.04.;aufsteigend;4;8;16;18;27;35;ZZ;31;6er;DJP;;       1.248.595,30;5er + ZZ;               1;à;          85.111,80;5er;              97;à;             909,90;4er + ZZ;             204;à;             139,00;
12.04.;;;;;;;;;;4er;           3.840;à;              43,00;3er + ZZ;           4.318;à;              16,40;3er;          57.201;à;               4,90;ZZ;         138.450;à;               1,30;
14.04.;aufsteigend;9;15;19;26;31;45;ZZ;28;6er;3JP;;       1.948.313,90;5er + ZZ;               3;à;          31.487,30;5er;              86;à;           1.139,00;4er + ZZ;             204;à;             154,30;
14.04.;;;;;;;;;;4er;           3.493;à;              52,50;3er + ZZ;           4.778;à;              16,40;3er;          56.962;à;               5,50;ZZ;         174.119;à;               1,30;
17.04.;aufsteigend;14;17;18;28;37;44;ZZ;5;6er;4JP;;       2.895.503,80;5er + ZZ;               2;à;          63.935,30;5er;              82;à;           1.617,10;4er + ZZ;             236;à;             180,60;
17.04.;;;;;;;;;;4er;           4.478;à;              55,50;3er + ZZ;           6.483;à;              16,40;3er;          72.629;à;               5,90;ZZ;         260.924;à;               1,30;
21.04.;aufsteigend;7;9;11;14;15;42;ZZ;33;6er;5JP;;       4.180.927,90;5er + ZZ;               4;à;          43.383,00;5er;             131;à;           1.373,70;4er + ZZ;             324;à;             178,50;
21.04.;;;;;;;;;;4er;           6.473;à;              52,10;3er + ZZ;           8.664;à;              16,60;3er;         109.613;à;               5,30;ZZ;         304.713;à;               1,30;
24.04.;aufsteigend;3;23;24;34;35;45;ZZ;26;6er;6JP;;       5.647.287,40;5er + ZZ;               6;à;          32.993,00;5er;             151;à;           1.359,50;4er + ZZ;             378;à;             174,50;
24.04.;;;;;;;;;;4er;           6.830;à;              56,30;3er + ZZ;           9.871;à;              16,70;3er;         113.414;à;               5,80;ZZ;         364.313;à;               1,30;
28.04.;aufsteigend;4;9;30;38;41;44;ZZ;26;6er;               1;à;       7.535.657,60;5er + ZZ;               5;à;          50.985,90;5er;             203;à;           1.302,30;4er + ZZ;             496;à;             171,30;
28.04.;;;;;;;;;;4er;           8.716;à;              56,80;3er + ZZ;          12.822;à;              16,50;3er;         145.569;à;               5,80;ZZ;         476.316;à;               1,30;
01.05.;aufsteigend;3;10;21;24;36;38;ZZ;15;6er;JP;;         609.018,60;5er + ZZ;               3;à;          27.405,80;5er;              73;à;           1.167,90;4er + ZZ;             144;à;             190,30;
01.05.;;;;;;;;;;4er;           3.111;à;              51,30;3er + ZZ;           3.934;à;              17,40;3er;          49.911;à;               5,50;ZZ;         143.889;à;               1,30;
05.05.;aufsteigend;15;17;28;34;36;37;ZZ;3;6er;DJP;;       1.494.861,00;5er + ZZ;               3;à;          39.862,90;5er;              82;à;           1.512,40;4er + ZZ;             287;à;             138,80;
05.05.;;;;;;;;;;4er;           4.004;à;              58,00;3er + ZZ;           6.046;à;              16,40;3er;          66.437;à;               6,00;ZZ;         255.431;à;               1,30;
08.05.;aufsteigend;2;4;9;16;19;44;ZZ;43;6er;3JP;;       2.412.750,50;5er + ZZ;               4;à;          30.978,70;5er;             102;à;           1.259,80;4er + ZZ;             216;à;             191,20;
08.05.;;;;;;;;;;4er;           5.409;à;              44,50;3er + ZZ;           5.712;à;              18,00;3er;          83.794;à;               4,90;ZZ;         213.736;à;               1,30;
12.05.;aufsteigend;1;5;14;25;29;35;ZZ;26;6er;               2;à;       1.731.811,50;5er + ZZ;               7;à;          20.266,80;5er;              95;à;           1.548,60;4er + ZZ;             266;à;             177,70;
12.05.;;;;;;;;;;4er;           5.166;à;              53,30;3er + ZZ;           7.153;à;              16,50;3er;          84.787;à;               5,60;ZZ;         264.638;à;               1,30;
15.05.;aufsteigend;19;22;23;24;30;33;ZZ;12;6er;JP;;         628.829,70;5er + ZZ;               1;à;          84.892,00;5er;              62;à;           1.419,90;4er + ZZ;             164;à;             172,50;
15.05.;;;;;;;;;;4er;           2.842;à;              58,00;3er + ZZ;           4.405;à;              16,00;3er;          48.893;à;               5,80;ZZ;         160.050;à;               1,30;
17.05.;aufsteigend;22;23;28;35;41;43;ZZ;15;6er;DJP;;       1.287.097,10;5er + ZZ;               2;à;          44.433,00;5er;              69;à;           1.335,60;4er + ZZ;             160;à;             185,10;
17.05.;;;;;;;;;;4er;           2.817;à;              61,30;3er + ZZ;           4.219;à;              17,50;3er;          47.568;à;               6,20;ZZ;         159.834;à;               1,30;
19.05.;aufsteigend;7;13;19;25;33;39;ZZ;40;6er;               2;à;       1.005.392,40;5er + ZZ;               1;à;          97.697,80;5er;             114;à;             888,70;4er + ZZ;             203;à;             160,40;
19.05.;;;;;;;;;;4er;           4.442;à;              42,70;3er + ZZ;           4.636;à;              17,50;3er;          62.458;à;               5,20;ZZ;         166.177;à;               1,30;
22.05.;aufsteigend;14;19;28;32;40;42;ZZ;1;6er;JP;;         562.191,50;5er + ZZ;               2;à;          37.947,90;5er;              59;à;           1.334,00;4er + ZZ;             125;à;             202,30;
22.05.;;;;;;;;;;4er;           2.732;à;              54,00;3er + ZZ;           3.277;à;              19,30;3er;          43.468;à;               5,80;ZZ;         150.320;à;               1,30;
26.05.;aufsteigend;1;6;13;21;40;45;ZZ;22;6er;               1;à;       1.388.121,70;5er + ZZ;               1;à;         111.500,50;5er;             109;à;           1.060,80;4er + ZZ;             252;à;             147,40;
26.05.;;;;;;;;;;4er;           4.341;à;              49,90;3er + ZZ;           5.768;à;              16,10;3er;          69.401;à;               5,30;ZZ;         204.010;à;               1,30;
29.05.;aufsteigend;1;22;23;24;38;45;ZZ;33;6er;JP;;         612.758,00;5er + ZZ;               3;à;          27.574,10;5er;              71;à;           1.208,20;4er + ZZ;             156;à;             176,70;
29.05.;;;;;;;;;;4er;           2.655;à;              60,50;3er + ZZ;           3.957;à;              17,40;3er;          45.165;à;               6,10;ZZ;         146.798;à;               1,30;
02.06.;aufsteigend;6;18;32;36;38;45;ZZ;31;6er;               1;à;       1.424.048,00;5er + ZZ;JP;;         109.524,10;5er;              83;à;           1.368,40;4er + ZZ;             173;à;             211,00;
02.06.;;;;;;;;;;4er;           3.581;à;              59,40;3er + ZZ;           4.599;à;              19,80;3er;          61.446;à;               5,90;ZZ;         191.304;à;               1,30;
05.06.;aufsteigend;7;15;21;28;31;39;ZZ;42;6er;JP;;         609.787,30;5er + ZZ;               3;à;          63.948,40;5er;              80;à;           1.067,10;4er + ZZ;             190;à;             144,40;
05.06.;;;;;;;;;;4er;           3.434;à;              46,60;3er + ZZ;           4.853;à;              14,10;3er;          51.877;à;               5,30;ZZ;         133.657;à;               1,30;
09.06.;aufsteigend;6;7;9;15;28;35;ZZ;27;6er;DJP;;       1.454.881,40;5er + ZZ;               2;à;          57.043,80;5er;              93;à;           1.272,10;4er + ZZ;             274;à;             138,70;
09.06.;;;;;;;;;;4er;           4.701;à;              47,10;3er + ZZ;           6.735;à;              14,10;3er;          76.144;à;               5,00;ZZ;         211.435;à;               1,30;
12.06.;aufsteigend;5;15;27;29;41;44;ZZ;43;6er;               1;à;       2.292.944,60;5er + ZZ;               2;à;          56.569,20;5er;             117;à;           1.002,80;4er + ZZ;             236;à;             159,80;
12.06.;;;;;;;;;;4er;           4.564;à;              48,20;3er + ZZ;           5.440;à;              17,30;3er;          69.481;à;               5,40;ZZ;         190.629;à;               1,30;
16.06.;aufsteigend;3;5;23;29;33;45;ZZ;10;6er;JP;;         701.721,70;5er + ZZ;               1;à;          94.732,40;5er;              86;à;           1.142,30;4er + ZZ;             206;à;             153,20;
16.06.;;;;;;;;;;4er;           3.942;à;              46,70;3er + ZZ;           5.913;à;              13,30;3er;          62.582;à;               5,00;ZZ;         177.039;à;               1,30;
19.06.;aufsteigend;2;5;6;22;23;30;ZZ;3;6er;               1;à;       1.399.752,80;5er + ZZ;               5;à;          18.846,80;5er;              92;à;           1.062,20;4er + ZZ;             281;à;             111,70;
19.06.;;;;;;;;;;4er;           4.013;à;              45,60;3er + ZZ;           7.234;à;              10,80;3er;          61.496;à;               5,10;ZZ;         189.179;à;               1,30;
23.06.;aufsteigend;7;8;10;14;18;23;ZZ;27;6er;JP;;         677.921,60;5er + ZZ;               3;à;          30.506,40;5er;              75;à;           1.265,40;4er + ZZ;             242;à;             126,00;
23.06.;;;;;;;;;;4er;           4.016;à;              44,30;3er + ZZ;           5.949;à;              12,80;3er;          61.370;à;               4,90;ZZ;         165.624;à;               1,30;
26.06.;aufsteigend;14;23;26;30;31;39;ZZ;9;6er;DJP;;       1.376.374,60;5er + ZZ;               1;à;          94.291,10;5er;              71;à;           1.377,20;4er + ZZ;             176;à;             178,50;
26.06.;;;;;;;;;;4er;           3.295;à;              55,60;3er + ZZ;           4.751;à;              16,50;3er;          52.149;à;               6,00;ZZ;         194.314;à;               1,30;
30.06.;aufsteigend;2;13;20;23;28;38;ZZ;27;6er;3JP;;       2.285.305,70;5er + ZZ;               4;à;          30.676,40;5er;              82;à;           1.551,80;4er + ZZ;             267;à;             153,10;
30.06.;;;;;;;;;;4er;           4.484;à;              53,20;3er + ZZ;           6.239;à;              16,30;3er;          73.142;à;               5,60;ZZ;         240.919;à;               1,30;
03.07.;aufsteigend;6;8;13;19;25;26;ZZ;23;6er;4JP;;       3.252.056,10;5er + ZZ;               2;à;          65.255,60;5er;             143;à;             946,40;4er + ZZ;             292;à;             148,90;
03.07.;;;;;;;;;;4er;           5.879;à;              43,10;3er + ZZ;           7.253;à;              14,90;3er;          86.377;à;               5,00;ZZ;         229.607;à;               1,30;
07.07.;aufsteigend;9;10;18;22;35;40;ZZ;13;6er;               1;à;       4.507.850,20;5er + ZZ;               6;à;          28.255,30;5er;             149;à;           1.179,90;4er + ZZ;             315;à;             179,30;
07.07.;;;;;;;;;;4er;           6.359;à;              51,80;3er + ZZ;           7.988;à;              17,60;3er;         102.392;à;               5,50;ZZ;         308.078;à;               1,30;
10.07.;aufsteigend;6;8;12;18;19;38;ZZ;21;6er;               1;à;       1.000.000,00;5er + ZZ;               3;à;          27.061,80;5er;              78;à;           1.079,30;4er + ZZ;             202;à;             133,90;
10.07.;;;;;;;;;;4er;           3.745;à;              42,10;3er + ZZ;           4.838;à;              13,90;3er;          55.896;à;               4,80;ZZ;         148.847;à;               1,30;
12.07.;aufsteigend;4;13;16;21;33;35;ZZ;29;6er;JP;;         537.046,40;5er + ZZ;JP;;          72.501,20;5er;              88;à;             854,30;4er + ZZ;             168;à;             143,80;
12.07.;;;;;;;;;;4er;           2.756;à;              51,10;3er + ZZ;           3.785;à;              15,90;3er;          44.247;à;               5,40;ZZ;         127.362;à;               1,30;
14.07.;aufsteigend;7;13;17;20;30;43;ZZ;1;6er;               2;à;         576.694,30;5er + ZZ;DJP;;         155.707,40;5er;              81;à;           1.065,20;4er + ZZ;             195;à;             142,20;
14.07.;;;;;;;;;;4er;           3.598;à;              44,90;3er + ZZ;           4.757;à;              14,50;3er;          53.784;à;               5,10;ZZ;         151.656;à;               1,30;
17.07.;aufsteigend;2;17;23;35;41;42;ZZ;39;6er;JP;;         717.143,70;5er + ZZ;               3;à;          80.929,70;5er;              54;à;           1.770,70;4er + ZZ;             164;à;             166,50;
17.07.;;;;;;;;;;4er;           2.792;à;              61,10;3er + ZZ;           3.765;à;              18,10;3er;          44.142;à;               6,60;ZZ;         137.592;à;               1,50;
21.07.;aufsteigend;3;15;25;26;30;33;ZZ;42;6er;               1;à;       1.694.961,20;5er + ZZ;               2;à;          59.367,40;5er;              89;à;           1.464,80;4er + ZZ;             241;à;             154,50;
21.07.;;;;;;;;;;4er;           4.258;à;              54,60;3er + ZZ;           5.546;à;              16,70;3er;          70.147;à;               5,60;ZZ;         180.779;à;               1,50;
24.07.;aufsteigend;12;30;32;34;37;43;ZZ;21;6er;JP;;         710.463,30;5er + ZZ;               3;à;          28.756,80;5er;              43;à;           2.202,90;4er + ZZ;             155;à;             174,60;
24.07.;;;;;;;;;;4er;           2.535;à;              66,70;3er + ZZ;           3.665;à;              18,40;3er;          41.504;à;               6,90;ZZ;         154.837;à;               1,50;
28.07.;aufsteigend;7;9;12;17;19;39;ZZ;18;6er;DJP;;       1.664.061,70;5er + ZZ;               3;à;          38.598,00;5er;             147;à;             864,90;4er + ZZ;             265;à;             137,00;
28.07.;;;;;;;;;;4er;           5.372;à;              42,20;3er + ZZ;           5.562;à;              16,30;3er;          78.318;à;               4,90;ZZ;         178.965;à;               1,50;
31.07.;aufsteigend;3;5;17;25;30;36;ZZ;8;6er;3JP;;       2.633.955,60;5er + ZZ;               3;à;          39.257,60;5er;              94;à;           1.375,70;4er + ZZ;             299;à;             123,50;
31.07.;;;;;;;;;;4er;           4.164;à;              55,40;3er + ZZ;           6.608;à;              13,90;3er;          67.769;à;               5,80;ZZ;         207.674;à;               1,50;
04.08.;aufsteigend;11;13;27;32;38;40;ZZ;23;6er;               1;à;       3.953.610,40;5er + ZZ;               3;à;          53.414,60;5er;             130;à;           1.353,40;4er + ZZ;             330;à;             152,30;
04.08.;;;;;;;;;;4er;           5.337;à;              58,80;3er + ZZ;           7.662;à;              16,40;3er;          86.431;à;               6,20;ZZ;         265.963;à;               1,50;
07.08.;aufsteigend;3;8;27;28;36;42;ZZ;29;6er;               2;à;         600.000,00;5er + ZZ;               1;à;          89.172,00;5er;              72;à;           1.359,90;4er + ZZ;             154;à;             181,60;
07.08.;;;;;;;;;;4er;           3.199;à;              54,60;3er + ZZ;           3.928;à;              17,80;3er;          52.990;à;               5,60;ZZ;         145.183;à;               1,50;
09.08.;aufsteigend;3;9;14;29;33;38;ZZ;27;6er;               1;à;       1.200.000,00;5er + ZZ;               3;à;          25.981,80;5er;              68;à;           1.258,60;4er + ZZ;             167;à;             146,40;
09.08.;;;;;;;;;;4er;           2.805;à;              54,40;3er + ZZ;           4.535;à;              13,40;3er;          44.478;à;               5,80;ZZ;         133.137;à;               1,50;
11.08.;aufsteigend;13;14;31;34;36;40;ZZ;26;6er;JP;;         675.085,90;5er + ZZ;               1;à;          81.974,70;5er;              42;à;           2.143,10;4er + ZZ;              92;à;             279,50;
11.08.;;;;;;;;;;4er;           2.271;à;              70,70;3er + ZZ;           3.140;à;              20,40;3er;          38.451;à;               7,10;ZZ;         148.834;à;               1,50;
14.08.;aufsteigend;1;5;13;17;26;38;ZZ;3;6er;DJP;;       1.517.895,50;5er + ZZ;               3;à;          34.113,70;5er;              95;à;           1.182,80;4er + ZZ;             233;à;             137,70;
14.08.;;;;;;;;;;4er;           3.938;à;              50,90;3er + ZZ;           6.435;à;              12,40;3er;          59.053;à;               5,80;ZZ;         181.953;à;               1,50;
18.08.;aufsteigend;1;10;12;37;44;45;ZZ;30;6er;3JP;;       2.543.364,40;5er + ZZ;               2;à;          62.260,60;5er;              84;à;           1.627,70;4er + ZZ;             221;à;             176,70;
18.08.;;;;;;;;;;4er;           4.227;à;              57,70;3er + ZZ;           5.712;à;              17,00;3er;          66.987;à;               6,20;ZZ;         196.835;à;               1,50;
21.08.;aufsteigend;4;17;18;24;26;39;ZZ;35;6er;4JP;;       3.684.002,40;5er + ZZ;               1;à;         138.506,00;5er;             124;à;           1.226,40;4er + ZZ;             250;à;             173,80;
21.08.;;;;;;;;;;4er;           5.000;à;              54,30;3er + ZZ;           6.402;à;              16,90;3er;          80.047;à;               5,80;ZZ;         212.328;à;               1,50;
25.08.;aufsteigend;2;4;27;29;34;35;ZZ;30;6er;               3;à;       1.732.889,10;5er + ZZ;               3;à;          61.307,80;5er;             127;à;           1.590,10;4er + ZZ;             317;à;             182,00;
25.08.;;;;;;;;;;4er;           5.891;à;              61,20;3er + ZZ;           7.562;à;              19,00;3er;          99.679;à;               6,10;ZZ;         298.480;à;               1,50;
28.08.;aufsteigend;5;9;16;20;39;45;ZZ;29;6er;               1;à;       1.200.000,00;5er + ZZ;JP;;          87.669,40;5er;              73;à;           1.318,60;4er + ZZ;             192;à;             143,20;
28.08.;;;;;;;;;;4er;           3.002;à;              57,20;3er + ZZ;           4.679;à;              14,60;3er;          50.300;à;               5,80;ZZ;         137.819;à;               1,50;
01.09.;aufsteigend;4;5;10;18;29;38;ZZ;41;6er;JP;;         884.744,00;5er + ZZ;               4;à;          48.775,60;5er;              76;à;           1.552,10;4er + ZZ;             180;à;             187,20;
01.09.;;;;;;;;;;4er;           3.953;à;              53,20;3er + ZZ;           4.541;à;              18,50;3er;          62.923;à;               5,70;ZZ;         162.583;à;               1,50;
04.09.;aufsteigend;1;14;15;23;31;42;ZZ;26;6er;DJP;;       1.762.419,40;5er + ZZ;               1;à;         106.574,80;5er;              74;à;           1.581,30;4er + ZZ;             158;à;             211,60;
04.09.;;;;;;;;;;4er;           3.177;à;              65,70;3er + ZZ;           4.464;à;              18,70;3er;          54.262;à;               6,50;ZZ;         186.112;à;               1,50;
08.09.;aufsteigend;2;9;11;12;19;29;ZZ;42;6er;3JP;;       2.908.537,30;5er + ZZ;               5;à;          27.834,20;5er;             212;à;             720,80;4er + ZZ;             316;à;             138,10;
08.09.;;;;;;;;;;4er;           7.101;à;              38,40;3er + ZZ;           6.309;à;              17,30;3er;          95.735;à;               4,80;ZZ;         214.813;à;               1,50;
11.09.;aufsteigend;2;8;11;12;23;40;ZZ;6;6er;4JP;;       4.112.231,30;5er + ZZ;               3;à;          48.720,90;5er;             134;à;           1.197,70;4er + ZZ;             370;à;             123,90;
11.09.;;;;;;;;;;4er;           6.149;à;              46,60;3er + ZZ;           9.018;à;              12,70;3er;          90.412;à;               5,40;ZZ;         245.565;à;               1,50;
13.09.;aufsteigend;2;3;11;20;30;42;ZZ;10;6er;5JP;;       5.290.419,10;5er + ZZ;               4;à;          35.766,40;5er;             112;à;           1.402,60;4er + ZZ;             347;à;             129,30;
13.09.;;;;;;;;;;4er;           5.168;à;              54,20;3er + ZZ;           8.326;à;              13,40;3er;          81.959;à;               5,80;ZZ;         240.947;à;               1,50;
15.09.;aufsteigend;1;2;3;4;20;26;ZZ;29;6er;6JP;;       6.536.316,70;5er + ZZ;               1;à;         151.287,50;5er;             132;à;           1.258,40;4er + ZZ;             288;à;             164,80;
15.09.;;;;;;;;;;4er;           7.485;à;              39,60;3er + ZZ;           7.303;à;              16,20;3er;          91.039;à;               5,50;ZZ;         239.428;à;               1,50;
18.09.;aufsteigend;1;16;17;18;31;44;ZZ;25;6er;7JP;;       8.492.148,80;5er + ZZ;               2;à;         118.746,90;5er;             125;à;           2.086,20;4er + ZZ;             377;à;             197,60;
18.09.;;;;;;;;;;4er;           7.259;à;              64,10;3er + ZZ;           9.909;à;              18,70;3er;         121.999;à;               6,50;ZZ;         378.760;à;               1,50;
22.09.;aufsteigend;15;19;32;37;39;40;ZZ;34;6er;               1;à;      11.152.282,90;5er + ZZ;               5;à;          64.603,20;5er;             189;à;           1.876,60;4er + ZZ;             592;à;             171,10;
22.09.;;;;;;;;;;4er;           9.863;à;              64,20;3er + ZZ;          14.197;à;              17,80;3er;         167.151;à;               6,40;ZZ;         516.307;à;               1,50;
25.09.;aufsteigend;2;7;18;20;24;37;ZZ;21;6er;JP;;         737.970,60;5er + ZZ;               2;à;          44.805,30;5er;              57;à;           1.726,20;4er + ZZ;             151;à;             186,10;
25.09.;;;;;;;;;;4er;           2.970;à;              59,10;3er + ZZ;           3.872;à;              18,10;3er;          48.804;à;               6,10;ZZ;         154.102;à;               1,50;
29.09.;aufsteigend;4;7;16;25;27;41;ZZ;38;6er;DJP;;       1.753.743,20;5er + ZZ;               1;à;         123.343,80;5er;             102;à;           1.327,80;4er + ZZ;             265;à;             146,00;
29.09.;;;;;;;;;;4er;           4.506;à;              53,60;3er + ZZ;           5.527;à;              17,50;3er;          72.974;à;               5,60;ZZ;         184.361;à;               1,50;
02.10.;aufsteigend;12;23;26;27;35;43;ZZ;38;6er;3JP;;       2.770.963,70;5er + ZZ;               1;à;         123.519,60;5er;              93;à;           1.458,30;4er + ZZ;             228;à;             169,90;
02.10.;;;;;;;;;;4er;           4.165;à;              58,10;3er + ZZ;           5.567;à;              17,40;3er;          69.852;à;               5,90;ZZ;         181.412;à;               1,50;
06.10.;aufsteigend;3;8;21;22;32;43;ZZ;12;6er;4JP;;       4.129.970,60;5er + ZZ;               3;à;          55.007,40;5er;             118;à;           1.535,60;4er + ZZ;             370;à;             139,90;
06.10.;;;;;;;;;;4er;           6.018;à;              53,70;3er + ZZ;           8.944;à;              14,40;3er;          95.140;à;               5,80;ZZ;         276.744;à;               1,50;
09.10.;aufsteigend;2;10;12;15;40;42;ZZ;16;6er;5JP;;       5.533.572,50;5er + ZZ;               3;à;          56.812,40;5er;             121;à;           1.546,60;4er + ZZ;             288;à;             185,60;
09.10.;;;;;;;;;;4er;           5.778;à;              57,80;3er + ZZ;           7.482;à;              17,80;3er;          96.009;à;               5,90;ZZ;         280.021;à;               1,50;
11.10.;aufsteigend;16;22;28;29;36;45;ZZ;26;6er;6JP;;       6.871.809,30;5er + ZZ;               4;à;          40.625,00;5er;             103;à;           1.732,30;4er + ZZ;             284;à;             179,50;
11.10.;;;;;;;;;;4er;           5.244;à;              60,70;3er + ZZ;           7.595;à;              16,70;3er;          86.942;à;               6,20;ZZ;         279.786;à;               1,50;
13.10.;aufsteigend;1;3;18;23;28;35;ZZ;33;6er;7JP;;       8.396.843,90;5er + ZZ;               6;à;          30.863,70;5er;             133;à;           1.528,80;4er + ZZ;             372;à;             156,10;
13.10.;;;;;;;;;;4er;           6.468;à;              56,10;3er + ZZ;           8.970;à;              16,10;3er;         103.696;à;               5,90;ZZ;         305.879;à;               1,50;
16.10.;aufsteigend;3;12;30;41;42;45;ZZ;33;6er;               1;à;      10.887.160,80;5er + ZZ;               4;à;          75.598,90;5er;             179;à;           1.854,90;4er + ZZ;             593;à;             159,90;
16.10.;;;;;;;;;;4er;           9.655;à;              61,40;3er + ZZ;          13.552;à;              17,50;3er;         160.891;à;               6,30;ZZ;         503.946;à;               1,50;
20.10.;aufsteigend;4;6;15;35;41;43;ZZ;40;6er;JP;;         897.467,40;5er + ZZ;               4;à;          27.244,50;5er;              52;à;           2.301,10;4er + ZZ;             147;à;             232,50;
20.10.;;;;;;;;;;4er;           3.213;à;              66,50;3er + ZZ;           4.101;à;              20,80;3er;          54.526;à;               6,70;ZZ;         170.193;à;               1,50;
23.10.;aufsteigend;12;17;22;27;36;40;ZZ;14;6er;DJP;;       1.785.420,50;5er + ZZ;               1;à;         107.822,80;5er;              85;à;           1.392,80;4er + ZZ;             206;à;             164,20;
23.10.;;;;;;;;;;4er;           3.996;à;              52,90;3er + ZZ;           4.929;à;              17,10;3er;          59.490;à;               6,00;ZZ;         171.393;à;               1,50;
27.10.;aufsteigend;10;22;25;27;32;40;ZZ;15;6er;               1;à;       2.867.162,60;5er + ZZ;               4;à;          32.838,50;5er;              88;à;           1.639,00;4er + ZZ;             250;à;             164,80;
27.10.;;;;;;;;;;4er;           4.261;à;              60,40;3er + ZZ;           6.333;à;              16,20;3er;          72.106;à;               6,10;ZZ;         209.868;à;               1,50;
30.10.;aufsteigend;7;8;29;36;39;40;ZZ;6;6er;JP;;         772.809,10;5er + ZZ;               3;à;          31.280,30;5er;              68;à;           1.515,30;4er + ZZ;             150;à;             196,20;
30.10.;;;;;;;;;;4er;           2.755;à;              66,70;3er + ZZ;           3.982;à;              18,40;3er;          49.699;à;               6,30;ZZ;         169.557;à;               1,50;
03.11.;aufsteigend;12;16;18;19;27;44;ZZ;6;6er;               1;à;       1.785.560,10;5er + ZZ;               2;à;          61.488,40;5er;              85;à;           1.588,60;4er + ZZ;             260;à;             148,30;
03.11.;;;;;;;;;;4er;           3.991;à;              60,40;3er + ZZ;           6.713;à;              14,30;3er;          66.933;à;               6,10;ZZ;         208.230;à;               1,50;
06.11.;aufsteigend;9;12;23;26;30;44;ZZ;41;6er;JP;;         757.360,30;5er + ZZ;               2;à;          45.982,50;5er;              60;à;           1.683,00;4er + ZZ;             170;à;             169,70;
06.11.;;;;;;;;;;4er;           3.357;à;              53,70;3er + ZZ;           3.883;à;              18,50;3er;          53.814;à;               5,70;ZZ;         135.525;à;               1,50;
08.11.;aufsteigend;3;6;18;25;40;43;ZZ;12;6er;DJP;;       1.545.786,10;5er + ZZ;               4;à;          23.934,30;5er;              75;à;           1.401,60;4er + ZZ;             177;à;             169,60;
08.11.;;;;;;;;;;4er;           3.178;à;              59,00;3er + ZZ;           5.062;à;              14,80;3er;          51.802;à;               6,10;ZZ;         166.297;à;               1,50;
10.11.;aufsteigend;8;11;14;28;32;36;ZZ;34;6er;3JP;;       2.413.735,70;5er + ZZ;               1;à;         105.393,80;5er;              78;à;           1.483,60;4er + ZZ;             188;à;             175,80;
10.11.;;;;;;;;;;4er;           3.880;à;              53,20;3er + ZZ;           4.624;à;              17,80;3er;          59.432;à;               5,90;ZZ;         159.187;à;               1,50;
13.11.;aufsteigend;10;17;20;21;24;36;ZZ;19;6er;4JP;;       3.549.022,40;5er + ZZ;               2;à;          68.928,10;5er;              92;à;           1.645,30;4er + ZZ;             213;à;             203,00;
13.11.;;;;;;;;;;4er;           4.614;à;              58,50;3er + ZZ;           6.213;à;              17,40;3er;          77.128;à;               5,90;ZZ;         235.560;à;               1,50;
17.11.;aufsteigend;7;8;11;16;26;40;ZZ;44;6er;               1;à;       5.075.162,60;5er + ZZ;               6;à;          30.886,10;5er;             156;à;           1.304,30;4er + ZZ;             377;à;             154,20;
17.11.;;;;;;;;;;4er;           7.464;à;              48,60;3er + ZZ;           8.739;à;              16,60;3er;         115.911;à;               5,30;ZZ;         280.293;à;               1,50;
20.11.;aufsteigend;7;8;9;41;42;45;ZZ;30;6er;JP;;         741.315,30;5er + ZZ;               2;à;          45.008,40;5er;              73;à;           1.354,00;4er + ZZ;             168;à;             168,00;
20.11.;;;;;;;;;;4er;           2.839;à;              62,10;3er + ZZ;           3.777;à;              18,60;3er;          48.161;à;               6,20;ZZ;         139.139;à;               1,50;
24.11.;aufsteigend;8;11;30;31;33;37;ZZ;6;6er;DJP;;       1.753.594,70;5er + ZZ;               3;à;          40.973,20;5er;              81;à;           1.666,30;4er + ZZ;             205;à;             188,10;
24.11.;;;;;;;;;;4er;           3.934;à;              61,20;3er + ZZ;           5.523;à;              17,40;3er;          65.298;à;               6,30;ZZ;         216.943;à;               1,50;
27.11.;aufsteigend;1;2;8;16;41;42;ZZ;18;6er;3JP;;       2.764.073,40;5er + ZZ;               5;à;          24.540,10;5er;              73;à;           1.845,60;4er + ZZ;             208;à;             185,00;
27.11.;;;;;;;;;;4er;           3.929;à;              61,20;3er + ZZ;           5.267;à;              18,20;3er;          66.290;à;               6,20;ZZ;         195.473;à;               1,50;
01.12.;aufsteigend;3;4;7;8;35;41;ZZ;29;6er;4JP;;       4.158.515,50;5er + ZZ;               3;à;          56.441,70;5er;             121;à;           1.536,50;4er + ZZ;             326;à;             162,90;
01.12.;;;;;;;;;;4er;           5.932;à;              55,90;3er + ZZ;           8.057;à;              16,40;3er;          98.388;à;               5,70;ZZ;         270.189;à;               1,50;
04.12.;aufsteigend;14;17;27;28;36;44;ZZ;24;6er;5JP;;       5.614.831,70;5er + ZZ;               5;à;          35.367,60;5er;             164;à;           1.183,90;4er + ZZ;             333;à;             166,60;
04.12.;;;;;;;;;;4er;           6.348;à;              54,60;3er + ZZ;           8.115;à;              17,00;3er;          99.324;à;               5,90;ZZ;         290.550;à;               1,50;
08.12.;aufsteigend;9;19;31;33;34;36;ZZ;5;6er;6JP;;       7.500.529,10;5er + ZZ;               3;à;          76.325,80;5er;             133;à;           1.890,40;4er + ZZ;             409;à;             175,60;
08.12.;;;;;;;;;;4er;           7.842;à;              57,20;3er + ZZ;          10.475;à;              17,10;3er;         120.988;à;               6,30;ZZ;         416.745;à;               1,50;
11.12.;aufsteigend;13;17;26;34;39;42;ZZ;6;6er;               1;à;       9.625.763,10;5er + ZZ;               3;à;          86.021,30;5er;             228;à;           1.242,80;4er + ZZ;             548;à;             147,70;
11.12.;;;;;;;;;;4er;           9.775;à;              51,70;3er + ZZ;          12.384;à;              16,30;3er;         145.617;à;               5,90;ZZ;         455.287;à;               1,50;
15.12.;aufsteigend;4;5;41;42;44;45;ZZ;6;6er;               1;à;       1.200.000,00;5er + ZZ;               4;à;          28.604,50;5er;              88;à;           1.427,60;4er + ZZ;             233;à;             154,00;
15.12.;;;;;;;;;;4er;           4.483;à;              50,00;3er + ZZ;           4.799;à;              18,60;3er;          56.485;à;               6,70;ZZ;         210.676;à;               1,50;
18.12.;aufsteigend;1;7;25;27;32;34;ZZ;13;6er;JP;;         796.903,50;5er + ZZ;               4;à;          24.191,70;5er;              42;à;           2.529,80;4er + ZZ;             171;à;             177,50;
18.12.;;;;;;;;;;4er;           2.878;à;              65,90;3er + ZZ;           4.827;à;              15,70;3er;          51.106;à;               6,30;ZZ;         155.754;à;               1,50;
22.12.;aufsteigend;3;25;30;34;41;44;ZZ;17;6er;               2;à;         955.593,30;5er + ZZ;               4;à;          33.826,40;5er;              76;à;           1.954,80;4er + ZZ;             291;à;             145,80;
22.12.;;;;;;;;;;4er;           3.999;à;              66,30;3er + ZZ;           6.297;à;              16,80;3er;          66.966;à;               6,70;ZZ;         238.538;à;               1,50;
25.12.;aufsteigend;9;15;20;24;26;34;ZZ;31;6er;               2;à;         600.000,00;5er + ZZ;               2;à;          51.843,00;5er;              71;à;           1.603,50;4er + ZZ;             177;à;             183,70;
25.12.;;;;;;;;;;4er;           3.562;à;              57,00;3er + ZZ;           4.288;à;              18,90;3er;          58.302;à;               5,90;ZZ;         157.247;à;               1,50;
29.12.;aufsteigend;14;17;20;35;39;45;ZZ;43;6er;JP;;         867.140,90;5er + ZZ;               2;à;          52.647,80;5er;              75;à;           1.541,50;4er + ZZ;             179;à;             184,50;
29.12.;;;;;;;;;;4er;           3.274;à;              63,00;3er + ZZ;           4.561;à;              18,10;3er;          54.394;à;               6,40;ZZ;         161.027;à;               1,50;
